PRNAME,CARUID,crop,forecastYear,forecastMonth,PR ID,Forecasted Median Yield,Forecasted 10th Percentile Worst Yield,Forecasted 90th Percentile Best Yield,% Departure from the Long Term (1987-last year) Mean Yield,% Departure from the Last 5 Years (2019-2023) Mean Yield,% Departure from Last Year's Mean Yield,Crop Potential Index,Bravis-Pearson Coefficients of Determination (R2),Root Mean Square Error,LATITUDE,LONGITUDE
British Columbia / Colombie-Britannique,5901,barley,2024,7,59,59.45,44.57,74.33,4.03,-0.78,7.7,-0.03,0.39,10.21,53.85300064,-125.2580032
British Columbia / Colombie-Britannique,5908,barley,2024,7,59,54.86,43.32,66.4,5.08,8.59,-0.62,0.47,0.53,7.2,57.69950104,-123.1610031
Alberta,4830,barley,2024,7,48,75.29,64.53,86.05,19.15,7.28,25.07,0.32,0.78,5.19,51.08769989,-115.1790009
Alberta,4850,barley,2024,7,48,77.7,67.25,88.14,13.26,1.57,-7.94,0.14,0.66,5.27,52.69950104,-114.6679993
Alberta,4870,barley,2024,7,48,68.21,60.2,76.22,21.79,11.74,15.6,0.79,0.7,4.67,56.94729996,-116.8280029
Alberta,4860,barley,2024,7,48,67.16,57.34,76.98,8.29,4.49,-10.81,0.23,0.7,4.94,56.47129822,-112.810997
Alberta,4820,barley,2024,7,48,69.62,58.48,80.76,11.13,8.75,35.46,0.27,0.79,5.18,50.52590179,-112.5500031
Alberta,4810,barley,2024,7,48,51.12,39.16,63.08,12.85,33.47,72.7,0.8,0.77,5.13,50.66460037,-110.9089966
Alberta,4840,barley,2024,7,48,75.59,64.03,87.15,36.18,9.43,10.68,0.48,0.87,4.97,52.48089981,-111.4990005
Alberta,4841,barley,2024,7,48,75.74,63.26,88.22,24.41,5.23,-2.02,0.36,0.82,5.25,53.36869812,-111.6920013
Saskatchewan,4704,barley,2024,7,47,47.21,34.38,60.04,8.63,9.63,23.58,0.27,0.74,5.47,49.53290176,-108.7890015
Saskatchewan,4703,barley,2024,7,47,41.94,30.02,53.85,1.1,3.96,30.24,0.09,0.76,5.3,49.54230118,-106.4049988
Saskatchewan,4702,barley,2024,7,47,52.64,42.31,62.98,26.11,-1.68,16.98,-0.11,0.77,4.76,49.52310181,-104.2490005
Saskatchewan,4701,barley,2024,7,47,67,55.38,78.61,28.31,0.63,12.79,0.05,0.73,6.14,49.52339935,-102.3099976
Saskatchewan,4708,barley,2024,7,47,49.44,34.16,64.72,5.48,38.56,121.69,0.79,0.74,6.97,50.71530151,-108.8300018
Saskatchewan,4713,barley,2024,7,47,65.55,53.54,77.56,33.72,24.58,34.88,0.73,0.73,6.62,52.15140152,-109.262001
Saskatchewan,4707,barley,2024,7,47,51.6,37.93,65.28,5.53,12.23,54.5,0.28,0.74,6.31,50.59840012,-106.6139984
Saskatchewan,4712,barley,2024,7,47,60.07,46.42,73.71,24.11,29.07,54.03,0.76,0.84,5.15,51.94589996,-107.7990036
Saskatchewan,4711,barley,2024,7,47,63.06,50.44,75.67,29.84,21.88,22.68,0.57,0.76,6.11,51.67309952,-106.0029984
Saskatchewan,4717,barley,2024,7,47,77.48,65.5,89.44,41.36,14.31,8.66,0.8,0.87,5.32,53.79119873,-108.9599991
Saskatchewan,4716,barley,2024,7,47,72.83,61.66,84,33.4,16.6,6.32,0.65,0.8,5.18,56.79359818,-105.9339981
Saskatchewan,4706,barley,2024,7,47,64.7,54.26,75.15,23.89,3.06,6.42,0.18,0.75,4.85,50.59830093,-104.3659973
Saskatchewan,4715,barley,2024,7,47,73,60.72,85.28,28.82,7.86,7.35,0.3,0.82,5.74,52.89289856,-105.586998
Saskatchewan,4710,barley,2024,7,47,68.61,57.34,79.87,25.26,1.62,-8.03,0.06,0.64,7.45,51.6393013,-104.1080017
Saskatchewan,4705,barley,2024,7,47,65.99,56.18,75.8,21.54,-1.83,-1.95,-0.11,0.72,5.73,50.58200073,-102.3919983
Saskatchewan,4714,barley,2024,7,47,72.97,59.87,86.07,26.27,3.09,-0.32,0.19,0.73,6.6,53.01649857,-103.3099976
Saskatchewan,4709,barley,2024,7,47,72.16,61.96,82.36,27.87,4.49,-5.18,0.25,0.72,6.38,51.7173996,-102.4309998
Manitoba,4601,barley,2024,7,46,70.4,59.4,81.4,21.75,-0.93,6.34,-0.08,0.75,5.73,49.27149963,-100.3990021
Manitoba,4608,barley,2024,7,46,83.78,70.92,96.65,26.66,6.22,8.53,0.38,0.67,7.23,49.27899933,-98.30419922
Manitoba,4609,barley,2024,7,46,80.55,65.41,95.71,29.48,2.56,2.75,0.4,0.57,11.59,49.63000107,-96.80410004
Manitoba,4604,barley,2024,7,46,72.76,63.42,82.1,21.27,-0.6,1.62,-0.06,0.51,6.61,51.0135994,-101.1809998
Manitoba,4602,barley,2024,7,46,66.78,55.28,78.26,13.82,-4.87,-16.21,-0.3,0.65,6.75,49.79869843,-100.2649994
Manitoba,4603,barley,2024,7,46,69.77,58.25,81.3,14.84,-8.56,-20.17,-0.63,0.7,6.96,50.34700012,-100.387001
Manitoba,4606,barley,2024,7,46,60.81,49.64,71.98,5.19,-7.77,,-0.61,0.45,7.77,51.12139893,-99.88110352
Manitoba,4605,barley,2024,7,46,78.71,66.11,91.31,32.25,-0.97,-1.98,-0.06,0.75,6.72,52.08010101,-101.052002
Manitoba,4607,barley,2024,7,46,73.82,61.42,86.22,14.37,5.12,-1.97,0.26,0.57,8.51,49.98550034,-98.45970154
Manitoba,4611,barley,2024,7,46,70.33,53.83,86.82,16.9,3.12,-14.03,0.13,0.53,10.57,50.22650146,-97.2460022
Manitoba,4610,barley,2024,7,46,46.27,29.73,62.81,-7.52,-23.01,-23.01,-1.27,0.53,11.64,49.73680115,-95.84950256
Manitoba,4612,barley,2024,7,46,51.14,39.39,62.89,-7.28,-19.46,,-0.91,0.7,7.53,55.729599,-97.167099
Ontario,3505,barley,2024,7,35,67.35,60.21,74.49,8.15,1.03,2.2,0.1,0.59,3.8,51.1882019,-86.91320038
Ontario,3501,barley,2024,7,35,72.97,57.15,88.8,18.35,-2.88,-19.1,-0.15,0.43,11.7,42.83430099,-81.15840149
Ontario,3502,barley,2024,7,35,70.63,65.32,75.93,10.66,1.04,-1.08,0.15,0.43,3.97,44.06389999,-80.59929657
Ontario,3503,barley,2024,7,35,54.76,42.78,66.74,-0.86,-11.07,,-0.39,0.42,7.04,44.89519882,-78.82150269
Ontario,3504,barley,2024,7,35,57.71,50.97,64.45,-1.66,-4.49,-8.4,-0.42,0.35,4.51,45.12820053,-76.3615036
Quebec,2410,barley,2024,7,24,63.05,52.29,73.8,0.33,1.14,26.6,0.07,0.34,6.28,45.21229935,-73.78250122
Quebec,2409,barley,2024,7,24,66.65,55.48,77.83,2.22,2.66,11.83,0.11,0.29,8.11,45.51089859,-72.90090179
Quebec,2406,barley,2024,7,24,50.38,37.92,62.85,2.97,28.04,,1.96,0.37,8.46,46.56259918,-75.8506012
Quebec,2405,barley,2024,7,24,61.99,50.18,73.8,0.56,1.96,31.61,0.06,0.5,8.49,46.57379913,-73.90589905
Quebec,2411,barley,2024,7,24,53.18,41.33,65.03,-0.56,0.86,37.05,0.03,0.56,5.88,46.09189987,-72.14859772
Quebec,2404,barley,2024,7,24,65.18,53.34,77.03,24.6,16.4,,0.66,0.78,3.91,45.46530151,-71.58560181
Quebec,2403,barley,2024,7,24,61.62,48.56,74.67,8.47,5.2,74.57,0.15,0.61,6.99,47.63639832,-72.93379974
Quebec,2408,barley,2024,7,24,58.04,45.84,70.25,10.91,6.34,28.98,0.28,0.71,4.67,46.48519897,-70.73770142
Quebec,2407,barley,2024,7,24,56.15,48.73,63.57,0.39,-2.28,9.03,-0.32,0.47,3.22,55.49300003,-73.29139709
New Brunswick / Nouveau-Brunswick,1300,barley,2024,7,13,58.9,48.9,68.9,1.58,0.14,7.88,0.01,0.4,6.1,46.61719894,-66.37850189
Quebec,2401,barley,2024,7,24,55.41,47.87,62.96,0.54,-1.89,19.16,-0.12,0.48,4.32,48.36399841,-66.91259766
Nova Scotia / Nouvelle-Écosse,1200,barley,2024,7,12,56.41,49.56,63.26,0.6,0.74,3.7,0.08,0.41,5.38,45.14590073,-63.33179855
Prince Edward Island / Île-du-Prince-Édouard,1100,barley,2024,7,11,59.91,51.61,68.21,1.18,-6.56,13.04,-0.63,0.56,4.58,46.39030075,-63.2458992
Quebec,2402,barley,2024,7,24,72.31,61.2,83.42,14.8,27.13,50.96,1.68,0.85,3.46,51.06119919,-67.41169739
British Columbia / Colombie-Britannique,5901,barley,2024,8,59,52.83,38.76,66.89,-7.56,-11.84,-4.3,-0.49,0.32,10.73,53.85300064,-125.2580032
British Columbia / Colombie-Britannique,5908,barley,2024,8,59,47.23,38.83,55.63,-9.53,-6.51,-14.43,-0.36,0.58,6.73,57.69950104,-123.1610031
Alberta,4830,barley,2024,8,48,70.79,64.46,77.13,12.03,0.87,17.6,0.04,0.77,5.27,51.08769989,-115.1790009
Alberta,4850,barley,2024,8,48,63.52,57.59,69.44,-7.42,-16.97,-24.74,-1.5,0.68,5.03,52.69950104,-114.6679993
Alberta,4870,barley,2024,8,48,63.41,56.72,70.1,13.23,3.88,7.47,0.26,0.74,4.38,56.94729996,-116.8280029
Alberta,4860,barley,2024,8,48,58.71,51.28,66.15,-5.33,-8.66,-22.03,-0.45,0.59,5.64,56.47129822,-112.810997
Alberta,4820,barley,2024,8,48,64.5,55.15,73.86,2.95,0.75,25.49,0.02,0.79,5.07,50.52590179,-112.5500031
Alberta,4810,barley,2024,8,48,41.59,34.01,49.17,-8.19,8.58,40.5,0.2,0.81,4.7,50.66460037,-110.9089966
Alberta,4840,barley,2024,8,48,57.84,51.2,64.48,4.2,-16.27,-15.31,-0.83,0.88,4.61,52.48089981,-111.4990005
Alberta,4841,barley,2024,8,48,67.73,59.58,75.88,11.24,-5.91,-12.39,-0.41,0.81,5.51,53.36869812,-111.6920013
Saskatchewan,4704,barley,2024,8,47,45.29,37.37,53.21,4.23,5.19,18.57,0.15,0.75,5.32,49.53290176,-108.7890015
Saskatchewan,4703,barley,2024,8,47,38.53,29.38,47.69,-7.11,-4.48,19.66,-0.1,0.76,5.3,49.54230118,-106.4049988
Saskatchewan,4702,barley,2024,8,47,48.26,43.02,53.5,15.62,-9.85,7.25,-0.65,0.79,4.5,49.52310181,-104.2490005
Saskatchewan,4701,barley,2024,8,47,69.24,60.9,77.58,32.59,3.99,16.56,0.34,0.73,6.14,49.52339935,-102.3099976
Saskatchewan,4708,barley,2024,8,47,43.2,32.99,53.41,-6.6,21.07,93.71,0.43,0.7,6.99,50.71530151,-108.8300018
Saskatchewan,4713,barley,2024,8,47,54,47.67,60.33,10.16,2.63,11.12,0.08,0.74,6.65,52.15140152,-109.262001
Saskatchewan,4707,barley,2024,8,47,50.41,41.08,59.73,7.89,9.63,50.93,0.22,0.74,6.11,50.59840012,-106.6139984
Saskatchewan,4712,barley,2024,8,47,50.84,43.64,58.04,5.03,9.23,30.35,0.24,0.83,5.25,51.94589996,-107.7990036
Saskatchewan,4711,barley,2024,8,47,60.29,52.27,68.29,24.13,16.52,17.29,0.43,0.76,6.11,51.67309952,-106.0029984
Saskatchewan,4717,barley,2024,8,47,63.05,56.36,69.74,15.04,-6.98,-11.57,-0.39,0.85,5.58,53.79119873,-108.9599991
Saskatchewan,4716,barley,2024,8,47,60.43,53.88,66.98,10.69,-3.25,-11.78,-0.13,0.8,5.26,56.79359818,-105.9339981
Saskatchewan,4706,barley,2024,8,47,57.49,49.45,65.53,10.09,-8.42,-5.44,-0.49,0.74,5.04,50.59830093,-104.3659973
Saskatchewan,4715,barley,2024,8,47,69.68,62.37,77,22.97,2.96,2.47,0.11,0.82,5.81,52.89289856,-105.586998
Saskatchewan,4710,barley,2024,8,47,68.75,59.32,78.17,25.5,1.82,-7.85,0.07,0.64,7.45,51.6393013,-104.1080017
Saskatchewan,4705,barley,2024,8,47,63.52,55.69,71.35,16.99,-5.51,-5.62,-0.34,0.72,5.73,50.58200073,-102.3919983
Saskatchewan,4714,barley,2024,8,47,68.03,59.25,76.8,17.71,-3.89,-7.07,-0.24,0.73,6.6,53.01649857,-103.3099976
Saskatchewan,4709,barley,2024,8,47,71.8,63.34,80.27,27.23,3.97,-5.65,0.22,0.72,6.43,51.7173996,-102.4309998
Manitoba,4601,barley,2024,8,46,71.02,63.24,78.79,22.82,-0.06,7.27,-0.01,0.75,5.64,49.27149963,-100.3990021
Manitoba,4608,barley,2024,8,46,76.67,68.58,84.76,15.9,-2.81,-0.69,-0.17,0.64,7.81,49.27899933,-98.30419922
Manitoba,4609,barley,2024,8,46,69.92,59.87,79.97,12.39,-10.97,-10.82,-1.73,0.65,10.39,49.63000107,-96.80410004
Manitoba,4604,barley,2024,8,46,72.5,64.32,80.68,20.83,-0.96,1.26,-0.09,0.55,6.34,51.0135994,-101.1809998
Manitoba,4602,barley,2024,8,46,68.86,60.58,77.15,17.37,-1.91,-13.6,-0.12,0.69,6.34,49.79869843,-100.2649994
Manitoba,4603,barley,2024,8,46,67.97,59.8,76.14,11.87,-10.92,-22.23,-0.81,0.75,6.33,50.34700012,-100.387001
Manitoba,4606,barley,2024,8,46,54.96,44.72,65.2,-4.93,-16.64,,-1.3,0.44,7.9,51.12139893,-99.88110352
Manitoba,4605,barley,2024,8,46,76.66,66.74,86.59,28.82,-3.54,-4.53,-0.22,0.68,7.57,52.08010101,-101.052002
Manitoba,4607,barley,2024,8,46,71.39,58.11,84.67,10.61,1.67,-5.19,0.08,0.42,10.3,49.98550034,-98.45970154
Manitoba,4611,barley,2024,8,46,65.77,55.16,76.39,9.33,-3.56,-19.59,-0.14,0.59,9.64,50.22650146,-97.2460022
Manitoba,4610,barley,2024,8,46,51.43,37.3,65.56,2.79,-14.42,-14.42,-0.8,0.49,12.09,49.73680115,-95.84950256
Manitoba,4612,barley,2024,8,46,44.67,32.69,56.65,-19.62,-29.65,,-1.38,0.58,8.19,55.729599,-97.167099
Ontario,3505,barley,2024,8,35,65.27,59.51,71.03,4.81,-2.09,-0.96,-0.2,0.6,3.85,51.1882019,-86.91320038
Ontario,3501,barley,2024,8,35,70.88,57.46,84.3,19.98,-5.67,-21.42,-0.3,0.42,11,42.83430099,-81.15840149
Ontario,3502,barley,2024,8,35,72.64,66.96,78.32,13.82,3.92,1.74,0.57,0.4,4.04,44.06389999,-80.59929657
Ontario,3503,barley,2024,8,35,58.43,49.78,67.07,5.39,-5.11,,-0.18,0.33,7.07,44.89519882,-78.82150269
Ontario,3504,barley,2024,8,35,54.96,49.38,60.53,-6.35,-9.04,-12.77,-0.84,0.5,3.89,45.12820053,-76.3615036
Quebec,2410,barley,2024,8,24,60.33,49.71,70.95,-4,-3.23,21.14,-0.19,0.37,6.24,45.21229935,-73.78250122
Quebec,2409,barley,2024,8,24,61,47.38,74.61,-6.44,-6.04,2.35,-0.25,0.15,9.01,45.51089859,-72.90090179
Quebec,2406,barley,2024,8,24,49.44,37.06,61.82,1.05,25.64,,1.8,0.27,9.26,46.56259918,-75.8506012
Quebec,2405,barley,2024,8,24,62.85,51.38,74.32,1.96,3.38,33.45,0.1,0.51,8.44,46.57379913,-73.90589905
Quebec,2411,barley,2024,8,24,49.14,38.66,59.63,-8.1,-6.78,26.66,-0.27,0.48,6.4,46.09189987,-72.14859772
Quebec,2404,barley,2024,8,24,54.93,49.67,60.2,5,-1.91,,-0.08,0.82,3.61,45.46530151,-71.58560181
Quebec,2403,barley,2024,8,24,58.71,45.62,71.8,3.34,0.22,66.32,0.01,0.61,6.99,47.63639832,-72.93379974
Quebec,2408,barley,2024,8,24,54.55,43.17,65.93,4.24,-0.06,21.22,0,0.66,5.1,46.48519897,-70.73770142
Quebec,2407,barley,2024,8,24,56.23,49.4,63.07,0.54,-2.14,9.19,-0.3,0.42,3.33,55.49300003,-73.29139709
New Brunswick / Nouveau-Brunswick,1300,barley,2024,8,13,50.6,41.82,59.39,-12.73,-13.97,-7.32,-0.83,0.26,6.75,46.61719894,-66.37850189
Quebec,2401,barley,2024,8,24,53.28,47.21,59.34,-3.33,-5.67,14.57,-0.37,0.5,4.19,48.36399841,-66.91259766
Nova Scotia / Nouvelle-Écosse,1200,barley,2024,8,12,55.11,48.54,61.67,-1.73,-1.59,1.31,-0.18,0.47,5.04,45.14590073,-63.33179855
Prince Edward Island / Île-du-Prince-Édouard,1100,barley,2024,8,11,57.58,49.45,65.69,-2.76,-10.21,8.63,-0.98,0.46,5.07,46.39030075,-63.2458992
Quebec,2402,barley,2024,8,24,62.52,57.32,67.73,-0.74,9.92,30.53,0.61,0.86,3.26,51.06119919,-67.41169739
British Columbia / Colombie-Britannique,5901,barley,2024,9,59,50.73,36.58,64.87,-11.23,-15.34,-8.1,-0.63,0.32,10.73,53.85300064,-125.2580032
British Columbia / Colombie-Britannique,5908,barley,2024,9,59,43.79,34.63,52.93,-16.13,-13.33,-20.68,-0.73,0.58,6.73,57.69950104,-123.1610031
Alberta,4830,barley,2024,9,48,71.74,64.75,78.72,13.53,2.22,19.16,0.1,0.74,5.62,51.08769989,-115.1790009
Alberta,4850,barley,2024,9,48,66.26,60.45,72.08,-3.42,-13.39,-21.49,-1.19,0.66,5.18,52.69950104,-114.6679993
Alberta,4870,barley,2024,9,48,64.65,57.86,71.44,15.45,5.92,9.58,0.4,0.73,4.45,56.94729996,-116.8280029
Alberta,4860,barley,2024,9,48,53.18,48.31,58.05,-14.26,-17.28,-29.38,-0.89,0.7,4.88,56.47129822,-112.810997
Alberta,4820,barley,2024,9,48,68.95,61.96,75.95,10.06,7.71,34.15,0.24,0.79,5.11,50.52590179,-112.5500031
Alberta,4810,barley,2024,9,48,45.11,37.87,52.34,-0.42,17.77,52.39,0.42,0.78,4.98,50.66460037,-110.9089966
Alberta,4840,barley,2024,9,48,59.2,53.42,64.97,6.65,-14.31,-13.33,-0.73,0.9,4.31,52.48089981,-111.4990005
Alberta,4841,barley,2024,9,48,72.33,64.52,80.14,18.8,0.48,-6.43,0.03,0.78,5.83,53.36869812,-111.6920013
Saskatchewan,4704,barley,2024,9,47,43.85,36.57,51.13,0.92,1.84,14.8,0.05,0.71,5.87,49.53290176,-108.7890015
Saskatchewan,4703,barley,2024,9,47,35.08,28.98,41.19,-15.43,-13.04,8.94,-0.3,0.84,4.27,49.54230118,-106.4049988
Saskatchewan,4702,barley,2024,9,47,47.55,41.31,53.79,13.92,-11.18,5.67,-0.73,0.79,4.48,49.52310181,-104.2490005
Saskatchewan,4701,barley,2024,9,47,69.81,61,78.62,33.68,4.85,17.52,0.42,0.73,6.14,49.52339935,-102.3099976
Saskatchewan,4708,barley,2024,9,47,43.03,36.23,49.83,-6.96,20.6,92.96,0.42,0.74,6.52,50.71530151,-108.8300018
Saskatchewan,4713,barley,2024,9,47,53.48,48.06,58.89,9.09,1.63,10.04,0.05,0.74,6.5,52.15140152,-109.262001
Saskatchewan,4707,barley,2024,9,47,49.27,41.88,56.65,5.44,7.15,47.5,0.16,0.72,6.2,50.59840012,-106.6139984
Saskatchewan,4712,barley,2024,9,47,53.26,47.25,59.28,10.04,14.44,36.57,0.38,0.84,5.21,51.94589996,-107.7990036
Saskatchewan,4711,barley,2024,9,47,59.43,51.64,67.22,22.36,14.86,15.62,0.39,0.76,6.11,51.67309952,-106.0029984
Saskatchewan,4717,barley,2024,9,47,62.97,55.73,70.21,14.9,-7.09,-11.68,-0.39,0.83,5.94,53.79119873,-108.9599991
Saskatchewan,4716,barley,2024,9,47,59.56,51.38,67.73,9.09,-4.65,-13.06,-0.18,0.68,6.79,56.79359818,-105.9339981
Saskatchewan,4706,barley,2024,9,47,63.3,56.37,70.23,21.2,0.82,4.11,0.05,0.76,4.86,50.59830093,-104.3659973
Saskatchewan,4715,barley,2024,9,47,71.35,64.54,78.17,25.92,5.43,4.93,0.2,0.82,5.74,52.89289856,-105.586998
Saskatchewan,4710,barley,2024,9,47,70.53,61.28,79.78,28.76,4.46,-5.45,0.18,0.64,7.45,51.6393013,-104.1080017
Saskatchewan,4705,barley,2024,9,47,63.79,57.45,70.12,17.49,-5.11,-5.22,-0.32,0.72,5.73,50.58200073,-102.3919983
Saskatchewan,4714,barley,2024,9,47,69.84,60.99,78.68,20.85,-1.33,-4.59,-0.08,0.73,6.6,53.01649857,-103.3099976
Saskatchewan,4709,barley,2024,9,47,72.88,64.5,81.27,29.15,5.54,-4.23,0.3,0.72,6.38,51.7173996,-102.4309998
Manitoba,4601,barley,2024,9,46,70.64,62.79,78.48,22.17,-0.59,6.7,-0.05,0.7,6.23,49.27149963,-100.3990021
Manitoba,4608,barley,2024,9,46,76.6,66.91,86.3,15.8,-2.89,-0.77,-0.18,0.64,7.81,49.27899933,-98.30419922
Manitoba,4609,barley,2024,9,46,71.04,59.83,82.25,14.19,-9.55,-9.39,-1.51,0.65,10.39,49.63000107,-96.80410004
Manitoba,4604,barley,2024,9,46,73.11,65.35,80.87,21.85,-0.12,2.11,-0.01,0.55,6.34,51.0135994,-101.1809998
Manitoba,4602,barley,2024,9,46,60.32,52.14,68.49,2.8,-14.08,-24.32,-0.88,0.65,6.75,49.79869843,-100.2649994
Manitoba,4603,barley,2024,9,46,68.39,60.43,76.35,12.56,-10.37,-21.75,-0.77,0.75,6.33,50.34700012,-100.387001
Manitoba,4606,barley,2024,9,46,54.39,45.03,63.76,-5.91,-17.5,,-1.36,0.44,7.9,51.12139893,-99.88110352
Manitoba,4605,barley,2024,9,46,89.29,79.51,99.08,50.04,12.35,11.2,0.78,0.71,7.22,52.08010101,-101.052002
Manitoba,4607,barley,2024,9,46,72.21,59.56,84.86,11.88,2.83,-4.11,0.14,0.42,10.36,49.98550034,-98.45970154
Manitoba,4611,barley,2024,9,46,66.38,56.18,76.56,10.33,-2.68,-18.86,-0.11,0.61,9.33,50.22650146,-97.2460022
Manitoba,4610,barley,2024,9,46,50.53,38,63.08,1,-15.92,-15.92,-0.88,0.49,12.09,49.73680115,-95.84950256
Manitoba,4612,barley,2024,9,46,47.33,37.98,56.67,-14.84,-25.47,,-1.19,0.68,7.12,55.729599,-97.167099
Ontario,3505,barley,2024,9,35,65.18,59.72,70.63,4.66,-2.22,-1.1,-0.22,0.59,3.88,51.1882019,-86.91320038
Ontario,3501,barley,2024,9,35,72.47,59.31,85.62,22.67,-3.55,-19.66,-0.19,0.42,11,42.83430099,-81.15840149
Ontario,3502,barley,2024,9,35,71.65,65.63,77.67,12.26,2.51,0.35,0.36,0.4,4.04,44.06389999,-80.59929657
Ontario,3503,barley,2024,9,35,59.72,51.13,68.32,7.72,-3.01,,-0.11,0.33,7.07,44.89519882,-78.82150269
Ontario,3504,barley,2024,9,35,54.22,49.83,58.6,-7.61,-10.27,-13.94,-0.95,0.5,3.88,45.12820053,-76.3615036
Quebec,2410,barley,2024,9,24,58.23,48.87,67.6,-7.33,-6.58,16.94,-0.39,0.37,6.24,45.21229935,-73.78250122
Quebec,2409,barley,2024,9,24,59.08,46.35,71.81,-9.39,-9,-0.87,-0.37,0.15,9.01,45.51089859,-72.90090179
Quebec,2406,barley,2024,9,24,49.79,39.14,60.44,1.76,26.52,,1.86,0.27,9.26,46.56259918,-75.8506012
Quebec,2405,barley,2024,9,24,63.19,52.48,73.89,2.5,3.92,34.15,0.11,0.51,8.44,46.57379913,-73.90589905
Quebec,2411,barley,2024,9,24,43.36,34.22,52.5,-18.91,-17.75,11.76,-0.71,0.56,5.91,46.09189987,-72.14859772
Quebec,2404,barley,2024,9,24,55.47,49.79,61.15,6.03,-0.95,,-0.04,0.82,3.61,45.46530151,-71.58560181
Quebec,2403,barley,2024,9,24,48.86,39.99,57.72,-14,-16.6,38.4,-0.48,0.6,7.14,47.63639832,-72.93379974
Quebec,2408,barley,2024,9,24,49.73,40.24,59.22,-4.97,-8.89,10.51,-0.39,0.56,5.83,46.48519897,-70.73770142
Quebec,2407,barley,2024,9,24,56.18,50.1,62.25,0.44,-2.24,9.08,-0.32,0.42,3.33,55.49300003,-73.29139709
New Brunswick / Nouveau-Brunswick,1300,barley,2024,9,13,50.5,41.22,59.78,-12.9,-14.14,-7.5,-0.84,0.26,6.75,46.61719894,-66.37850189
Quebec,2401,barley,2024,9,24,52.91,46.79,59.02,-4,-6.33,13.78,-0.41,0.48,4.32,48.36399841,-66.91259766
Nova Scotia / Nouvelle-Écosse,1200,barley,2024,9,12,54.83,47.29,62.38,-2.23,-2.09,0.79,-0.23,0.39,5.43,45.14590073,-63.33179855
Prince Edward Island / Île-du-Prince-Édouard,1100,barley,2024,9,11,59.22,53.03,65.41,0.02,-7.64,11.74,-0.73,0.52,4.77,46.39030075,-63.2458992
Quebec,2402,barley,2024,9,24,61.67,56.4,66.95,-2.09,8.43,28.76,0.52,0.85,3.46,51.06119919,-67.41169739
Manitoba,4600,canary_seed,2024,7,46,1517.53,1222.37,1812.67,37.53,,-5.15,,0.49,254.33,54.92959976,-97.43240356
Saskatchewan,4701,canary_seed,2024,7,47,1224.86,1035.71,1414,29.87,-10.85,4.87,-0.82,0.72,121.55,49.52339935,-102.3099976
Saskatchewan,4702,canary_seed,2024,7,47,1276.33,1036.64,1516.01,35.72,-0.49,44.71,-0.02,0.74,145.59,49.52310181,-104.2490005
Saskatchewan,4703,canary_seed,2024,7,47,1017.17,701.63,1332.72,29.33,,,,0.56,199.06,49.54230118,-106.4049988
Saskatchewan,4704,canary_seed,2024,7,47,882.87,553.15,1212.59,5.43,,,,0.38,235.55,49.53290176,-108.7890015
Saskatchewan,4705,canary_seed,2024,7,47,1280.69,1055.77,1505.62,30.36,,,,0.71,139.61,50.58200073,-102.3919983
Saskatchewan,4706,canary_seed,2024,7,47,1503.43,1241.67,1765.2,37.07,-0.42,18.29,-0.03,0.67,164.23,50.59830093,-104.3659973
Saskatchewan,4707,canary_seed,2024,7,47,1166.56,925.67,1407.44,19.46,,93.14,,0.56,149.27,50.59840012,-106.6139984
Saskatchewan,4708,canary_seed,2024,7,47,997.76,709.63,1285.89,5.04,35.09,47.82,0.89,0.61,152.87,50.71530151,-108.8300018
Saskatchewan,4709,canary_seed,2024,7,47,1374.53,1121.09,1627.95,41.69,,,,0.59,166.37,51.7173996,-102.4309998
Saskatchewan,4710,canary_seed,2024,7,47,1375.45,1123.83,1627.07,37.17,-7.83,-7.56,-0.43,0.66,160.53,51.6393013,-104.1080017
Saskatchewan,4711,canary_seed,2024,7,47,992.07,713,1271.15,6.19,,78.75,,0.41,204.56,51.67309952,-106.0029984
Saskatchewan,4712,canary_seed,2024,7,47,1256.85,954.5,1559.19,27.4,,,,0.62,180.84,51.94589996,-107.7990036
Saskatchewan,4713,canary_seed,2024,7,47,1353.31,1046.96,1659.66,30.53,7.66,70.44,0.24,0.57,216.66,52.15140152,-109.262001
Saskatchewan,4714,canary_seed,2024,7,47,1450.52,1128.3,1772.75,33.86,7.72,38.67,0.28,0.61,200.75,53.01649857,-103.3099976
Saskatchewan,4715,canary_seed,2024,7,47,1344.21,1025.13,1663.3,21.08,4.32,18.02,0.13,0.63,203.27,52.89289856,-105.586998
Saskatchewan,4716,canary_seed,2024,7,47,1348.97,1028.53,1669.41,25.29,,,,0.59,186.38,56.79359818,-105.9339981
Saskatchewan,4717,canary_seed,2024,7,47,918.05,682.43,1153.66,15.95,,,,0.69,136.69,53.79119873,-108.9599991
Alberta,4800,canary_seed,2024,7,48,1201.88,906.31,1497.44,18.14,,,,0.4,190.22,55.1697998,-114.5110016
Manitoba,4600,canary_seed,2024,8,46,1541.83,1265.99,1817.66,39.73,,-3.64,,0.49,254.33,54.92959976,-97.43240356
Saskatchewan,4701,canary_seed,2024,8,47,1289.85,1140.54,1439.15,36.76,-6.12,10.43,-0.47,0.72,121.55,49.52339935,-102.3099976
Saskatchewan,4702,canary_seed,2024,8,47,1379.83,1156,1603.65,46.72,7.58,56.44,0.38,0.71,155.17,49.52310181,-104.2490005
Saskatchewan,4703,canary_seed,2024,8,47,970.4,689.69,1251.09,23.38,,,,0.52,205.56,49.54230118,-106.4049988
Saskatchewan,4704,canary_seed,2024,8,47,881.75,598.83,1164.68,5.29,,,,0.35,241.12,49.53290176,-108.7890015
Saskatchewan,4705,canary_seed,2024,8,47,1128.73,937.9,1319.55,14.89,,,,0.75,130.45,50.58200073,-102.3919983
Saskatchewan,4706,canary_seed,2024,8,47,1463.79,1275,1652.57,33.46,-3.05,15.17,-0.23,0.65,171.15,50.59830093,-104.3659973
Saskatchewan,4707,canary_seed,2024,8,47,1103.56,890.43,1316.69,13,,82.71,,0.53,155.09,50.59840012,-106.6139984
Saskatchewan,4708,canary_seed,2024,8,47,937.1,700,1174.19,-1.34,26.87,38.83,0.68,0.65,143.53,50.71530151,-108.8300018
Saskatchewan,4709,canary_seed,2024,8,47,1324.51,1084.97,1564.05,36.53,,,,0.59,166.37,51.7173996,-102.4309998
Saskatchewan,4710,canary_seed,2024,8,47,1211.37,1010.31,1412.44,20.81,-18.83,-18.59,-1.03,0.66,160.53,51.6393013,-104.1080017
Saskatchewan,4711,canary_seed,2024,8,47,1045.18,793.38,1296.97,11.87,,88.32,,0.39,207.49,51.67309952,-106.0029984
Saskatchewan,4712,canary_seed,2024,8,47,1083.83,837.24,1330.43,9.86,,,,0.64,175.29,51.94589996,-107.7990036
Saskatchewan,4713,canary_seed,2024,8,47,1206.78,915.11,1498.44,16.4,-4,51.99,-0.13,0.41,255.18,52.15140152,-109.262001
Saskatchewan,4714,canary_seed,2024,8,47,1337.85,1094.85,1580.85,23.46,-0.65,27.9,-0.02,0.61,200.75,53.01649857,-103.3099976
Saskatchewan,4715,canary_seed,2024,8,47,1264.84,975.5,1554.18,13.93,-1.84,11.05,-0.06,0.63,203.27,52.89289856,-105.586998
Saskatchewan,4716,canary_seed,2024,8,47,1103,857.48,1348.52,2.44,,,,0.52,201.5,56.79359818,-105.9339981
Saskatchewan,4717,canary_seed,2024,8,47,697.42,454.64,940.22,-22.03,,,,0.69,160.14,53.79119873,-108.9599991
Alberta,4800,canary_seed,2024,8,48,1075.43,831.86,1319.02,5.71,,,,0.39,193.34,55.1697998,-114.5110016
Manitoba,4600,canary_seed,2024,9,46,1548.34,1275.91,1820.77,40.32,,-3.23,,0.49,254.33,54.92959976,-97.43240356
Saskatchewan,4701,canary_seed,2024,9,47,1290.44,1131.08,1449.8,36.82,-6.08,10.48,-0.46,0.72,121.55,49.52339935,-102.3099976
Saskatchewan,4702,canary_seed,2024,9,47,1387.09,1195.43,1578.75,47.49,8.15,57.27,0.4,0.69,159.48,49.52310181,-104.2490005
Saskatchewan,4703,canary_seed,2024,9,47,979.47,726.79,1232.13,24.53,,,,0.35,234.26,49.54230118,-106.4049988
Saskatchewan,4704,canary_seed,2024,9,47,900.34,636.65,1164.02,7.51,,,,0.38,235.55,49.53290176,-108.7890015
Saskatchewan,4705,canary_seed,2024,9,47,1154.74,959.51,1349.97,17.54,,,,0.74,132.59,50.58200073,-102.3919983
Saskatchewan,4706,canary_seed,2024,9,47,1498.43,1310.14,1686.72,36.61,-0.75,17.89,-0.06,0.65,171.15,50.59830093,-104.3659973
Saskatchewan,4707,canary_seed,2024,9,47,1060.01,846.66,1273.36,8.55,,75.5,,0.56,149.27,50.59840012,-106.6139984
Saskatchewan,4708,canary_seed,2024,9,47,958.79,774.05,1143.53,0.94,29.81,42.04,0.76,0.66,142.28,50.71530151,-108.8300018
Saskatchewan,4709,canary_seed,2024,9,47,1330.1,1104.12,1556.09,37.11,,,,0.59,166.37,51.7173996,-102.4309998
Saskatchewan,4710,canary_seed,2024,9,47,1226.78,1030.15,1423.41,22.34,-17.79,-17.56,-0.97,0.66,160.53,51.6393013,-104.1080017
Saskatchewan,4711,canary_seed,2024,9,47,1016.96,774.23,1259.69,8.85,,83.24,,0.39,207.49,51.67309952,-106.0029984
Saskatchewan,4712,canary_seed,2024,9,47,1279.33,1077.41,1481.25,29.68,,,,0.67,167.85,51.94589996,-107.7990036
Saskatchewan,4713,canary_seed,2024,9,47,1126.3,918.15,1334.46,8.64,-10.4,41.85,-0.33,0.5,237.02,52.15140152,-109.262001
Saskatchewan,4714,canary_seed,2024,9,47,1360.72,1105.2,1616.23,25.57,1.05,30.09,0.04,0.61,200.75,53.01649857,-103.3099976
Saskatchewan,4715,canary_seed,2024,9,47,1324.38,1067.45,1581.32,19.3,2.78,16.28,0.09,0.63,203.27,52.89289856,-105.586998
Saskatchewan,4716,canary_seed,2024,9,47,1091.03,892.46,1289.59,1.33,,,,0.53,198.33,56.79359818,-105.9339981
Saskatchewan,4717,canary_seed,2024,9,47,691,469.39,912.61,-22.75,,,,0.69,160.14,53.79119873,-108.9599991
Alberta,4800,canary_seed,2024,9,48,1042.22,764.8,1319.63,2.44,,,,0.39,193.34,55.1697998,-114.5110016
British Columbia / Colombie-Britannique,5901,canola,2024,7,59,36.63,27.99,45.27,1.57,-4.43,-24.64,-0.22,0.4,6.19,53.85300064,-125.2580032
British Columbia / Colombie-Britannique,5908,canola,2024,7,59,32.73,27.71,37.75,16.73,7.3,-4.59,0.85,0.88,2.31,57.69950104,-123.1610031
Alberta,4820,canola,2024,7,48,40.24,31.7,48.78,12.59,21.35,52.42,0.69,0.83,3.58,50.52590179,-112.5500031
Alberta,4810,canola,2024,7,48,33.84,24.98,42.69,16.51,39.7,69.18,1.2,0.84,3.16,50.66460037,-110.9089966
Alberta,4830,canola,2024,7,48,44.77,36.21,53.33,38.68,23.13,31.68,0.82,0.72,4.83,51.08769989,-115.1790009
Alberta,4850,canola,2024,7,48,48.52,43.43,53.59,30.03,12.72,2.57,1.35,0.73,3.68,52.69950104,-114.6679993
Alberta,4870,canola,2024,7,48,38.01,32.88,43.14,35.05,10.23,1.63,0.93,0.74,3,56.94729996,-116.8280029
Alberta,4860,canola,2024,7,48,46.84,41.32,52.37,36.02,18.89,5.74,1.7,0.67,3.53,56.47129822,-112.810997
Alberta,4840,canola,2024,7,48,47.06,40.11,54.02,54.82,19.21,17.37,1.37,0.9,2.98,52.48089981,-111.4990005
Alberta,4841,canola,2024,7,48,46.72,40.15,53.28,45.88,14.79,3.59,1.05,0.88,3.16,53.36869812,-111.6920013
Saskatchewan,4704,canola,2024,7,47,28.8,19.78,37.83,17.46,15.38,48.45,0.52,0.69,4.23,49.53290176,-108.7890015
Saskatchewan,4708,canola,2024,7,47,29.96,18.93,41,5.49,32.23,117.12,0.77,0.8,3.95,50.71530151,-108.8300018
Saskatchewan,4703,canola,2024,7,47,25.86,16.32,35.4,2.67,3.52,39.77,0.08,0.79,3.74,49.54230118,-106.4049988
Saskatchewan,4707,canola,2024,7,47,37.25,29.74,44.76,23.68,21.41,57.83,0.62,0.84,3.16,50.59840012,-106.6139984
Saskatchewan,4702,canola,2024,7,47,34.87,26.82,42.93,35.52,4.66,41.76,0.25,0.82,3.29,49.52310181,-104.2490005
Saskatchewan,4706,canola,2024,7,47,41.27,35.9,46.63,45.17,6.31,15.6,0.38,0.86,2.9,50.59830093,-104.3659973
Saskatchewan,4701,canola,2024,7,47,36.73,31.17,42.29,35.46,-4.4,8.03,-0.4,0.82,3.16,49.52339935,-102.3099976
Saskatchewan,4705,canola,2024,7,47,42.48,36.44,48.53,49.28,4.68,10.34,0.32,0.83,3.38,50.58200073,-102.3919983
Saskatchewan,4713,canola,2024,7,47,42.27,34.87,49.66,49.98,19.74,35.04,0.74,0.79,4.16,52.15140152,-109.262001
Saskatchewan,4717,canola,2024,7,47,47.46,40.54,54.38,56.84,15.35,12.46,0.78,0.86,3.98,53.79119873,-108.9599991
Saskatchewan,4712,canola,2024,7,47,39.57,31.19,47.94,41.86,30.84,51.6,0.81,0.78,4.13,51.94589996,-107.7990036
Saskatchewan,4711,canola,2024,7,47,37.66,30.4,44.93,36.92,20.02,27.67,0.77,0.81,3.4,51.67309952,-106.0029984
Saskatchewan,4716,canola,2024,7,47,43.98,37.48,50.49,54.9,13.95,10.79,0.59,0.78,4.38,56.79359818,-105.9339981
Saskatchewan,4710,canola,2024,7,47,43.1,37.63,48.56,49.26,6,4.87,0.4,0.81,3.62,51.6393013,-104.1080017
Saskatchewan,4715,canola,2024,7,47,44.66,37.78,51.55,52.71,11.32,2.91,0.51,0.75,4.76,52.89289856,-105.586998
Saskatchewan,4709,canola,2024,7,47,46.57,40.22,52.92,55.41,2.54,-1.12,0.23,0.84,3.89,51.7173996,-102.4309998
Saskatchewan,4714,canola,2024,7,47,44.59,38.29,50.89,50.6,6.01,-0.47,0.35,0.79,4.09,53.01649857,-103.3099976
Manitoba,4601,canola,2024,7,46,41.52,35.76,47.28,39,1.87,4.85,0.5,0.75,3.55,49.27149963,-100.3990021
Manitoba,4602,canola,2024,7,46,41.05,35.88,46.22,32.24,1.5,2.11,0.3,0.8,3.18,49.79869843,-100.2649994
Manitoba,4603,canola,2024,7,46,42.16,37.31,47.01,33.07,-0.29,-10.11,-0.04,0.84,3,50.34700012,-100.387001
Manitoba,4608,canola,2024,7,46,46.71,40.69,52.74,37.95,8.99,12.83,0.9,0.79,3.51,49.27899933,-98.30419922
Manitoba,4607,canola,2024,7,46,42.06,34.94,49.18,30.41,9.09,-3.08,0.51,0.73,3.87,49.98550034,-98.45970154
Manitoba,4609,canola,2024,7,46,43.54,35.73,51.35,44.05,5.94,-5.55,0.39,0.75,4.96,49.63000107,-96.80410004
Manitoba,4611,canola,2024,7,46,38.47,29.09,47.84,35.27,9.48,-17.62,0.3,0.67,5.1,50.22650146,-97.2460022
Manitoba,4610,canola,2024,7,46,43.7,36.12,51.28,52.01,-0.81,-12.94,-0.05,0.71,6.06,49.73680115,-95.84950256
Manitoba,4604,canola,2024,7,46,46.78,40.4,53.17,45.86,-0.68,-1.93,-0.07,0.76,4.44,51.0135994,-101.1809998
Manitoba,4605,canola,2024,7,46,46.43,40.04,52.83,43.5,1.83,-1.83,0.38,0.73,4.52,52.08010101,-101.052002
Manitoba,4606,canola,2024,7,46,37.93,32.84,43.03,26.8,-0.55,-6.34,-0.11,0.7,3.57,51.12139893,-99.88110352
Manitoba,4612,canola,2024,7,46,35.72,31.14,40.29,23.09,-2.89,-16.36,-0.19,0.74,3.22,55.729599,-97.167099
Ontario,3500,canola,2024,7,35,50.26,45.83,54.7,23.92,6.3,-5.88,0.64,0.77,2.88,50.44540024,-86.04720306
New Brunswick / Nouveau-Brunswick,1300,canola,2024,7,13,45.85,41.97,49.74,14.8,8.65,0.55,1.11,0.79,1.79,46.61719894,-66.37850189
Quebec,2400,canola,2024,7,24,40.98,37.39,44.57,5.52,0.69,0.2,0.17,0.32,2.4,53.39260101,-71.78160095
British Columbia / Colombie-Britannique,5901,canola,2024,8,59,36.41,28.29,44.53,0.96,-5,-25.09,-0.25,0.4,6.19,53.85300064,-125.2580032
British Columbia / Colombie-Britannique,5908,canola,2024,8,59,32.09,27.14,37.03,14.46,5.21,-6.45,0.61,0.87,2.4,57.69950104,-123.1610031
Alberta,4820,canola,2024,8,48,36.48,30.79,42.17,10.67,10.01,38.18,0.33,0.8,3.74,50.52590179,-112.5500031
Alberta,4810,canola,2024,8,48,28.44,22.44,34.44,4.23,17.41,42.19,0.52,0.78,3.53,50.66460037,-110.9089966
Alberta,4830,canola,2024,8,48,40.17,33.62,46.73,24.43,10.48,18.15,0.37,0.62,5.64,51.08769989,-115.1790009
Alberta,4850,canola,2024,8,48,45.04,40.97,49.1,20.72,4.65,-4.78,0.49,0.7,3.77,52.69950104,-114.6679993
Alberta,4870,canola,2024,8,48,37.63,32.52,42.73,33.7,9.13,0.61,0.83,0.69,3.21,56.94729996,-116.8280029
Alberta,4860,canola,2024,8,48,44.02,38.56,49.47,27.82,11.72,-0.63,1.06,0.61,3.78,56.47129822,-112.810997
Alberta,4840,canola,2024,8,48,40.42,34.75,46.1,32.96,2.38,0.8,0.17,0.84,3.65,52.48089981,-111.4990005
Alberta,4841,canola,2024,8,48,42.25,36.77,47.72,31.93,3.81,-6.32,0.27,0.83,3.73,53.36869812,-111.6920013
Saskatchewan,4704,canola,2024,8,47,25.86,19.39,32.34,5.48,3.61,33.31,0.12,0.69,4.24,49.53290176,-108.7890015
Saskatchewan,4708,canola,2024,8,47,25.8,18.73,32.87,-0.95,13.88,86.99,0.33,0.74,4.46,50.71530151,-108.8300018
Saskatchewan,4703,canola,2024,8,47,24.83,18.07,31.59,-1.42,-0.6,34.22,-0.01,0.72,4.18,49.54230118,-106.4049988
Saskatchewan,4707,canola,2024,8,47,34.5,29.49,39.51,26.5,12.45,46.19,0.36,0.82,3.38,50.59840012,-106.6139984
Saskatchewan,4702,canola,2024,8,47,30.18,24.78,35.58,17.29,-9.42,22.68,-0.5,0.79,3.6,49.52310181,-104.2490005
Saskatchewan,4706,canola,2024,8,47,41.25,37.08,45.42,45.11,6.26,15.55,0.38,0.85,3.04,50.59830093,-104.3659973
Saskatchewan,4701,canola,2024,8,47,36.97,32.79,41.15,36.34,-3.77,8.74,-0.35,0.82,3.16,49.52339935,-102.3099976
Saskatchewan,4705,canola,2024,8,47,41.3,37.13,45.47,45.12,1.77,7.26,0.12,0.83,3.38,50.58200073,-102.3919983
Saskatchewan,4713,canola,2024,8,47,34.68,29.05,40.3,23.05,-1.76,10.79,-0.07,0.8,4.21,52.15140152,-109.262001
Saskatchewan,4717,canola,2024,8,47,37.18,32.91,41.44,22.87,-9.63,-11.9,-0.49,0.88,3.7,53.79119873,-108.9599991
Saskatchewan,4712,canola,2024,8,47,33.02,26.26,39.79,18.37,9.18,26.5,0.24,0.77,4.39,51.94589996,-107.7990036
Saskatchewan,4711,canola,2024,8,47,34.92,30.15,39.69,26.94,11.28,18.37,0.43,0.8,3.35,51.67309952,-106.0029984
Saskatchewan,4716,canola,2024,8,47,39.14,33.6,44.68,37.83,1.39,-1.42,0.06,0.82,3.99,56.79359818,-105.9339981
Saskatchewan,4710,canola,2024,8,47,42.99,38.12,47.86,48.88,5.73,4.6,0.38,0.81,3.62,51.6393013,-104.1080017
Saskatchewan,4715,canola,2024,8,47,44.53,38.57,50.5,52.26,10.99,2.6,0.49,0.75,4.76,52.89289856,-105.586998
Saskatchewan,4709,canola,2024,8,47,48.24,42.83,53.64,60.96,6.2,2.41,0.57,0.84,3.89,51.7173996,-102.4309998
Saskatchewan,4714,canola,2024,8,47,41.42,36.04,46.8,39.88,-1.53,-7.55,-0.09,0.79,4.09,53.01649857,-103.3099976
Manitoba,4601,canola,2024,8,46,42.92,38.44,47.4,43.69,5.3,8.38,1.43,0.75,3.58,49.27149963,-100.3990021
Manitoba,4602,canola,2024,8,46,39.36,35.29,43.44,26.8,-2.67,-2.09,-0.53,0.8,3.18,49.79869843,-100.2649994
Manitoba,4603,canola,2024,8,46,41.19,36.66,45.72,30,-2.59,-12.18,-0.4,0.84,3,50.34700012,-100.387001
Manitoba,4608,canola,2024,8,46,45.94,41,50.9,35.68,7.19,10.97,0.72,0.77,3.66,49.27899933,-98.30419922
Manitoba,4607,canola,2024,8,46,40.55,35.64,45.48,25.74,5.17,-6.56,0.29,0.7,4.04,49.98550034,-98.45970154
Manitoba,4609,canola,2024,8,46,37.84,31.84,43.84,25.18,-7.93,-17.92,-0.52,0.76,4.89,49.63000107,-96.80410004
Manitoba,4611,canola,2024,8,46,36.07,29.43,42.7,26.81,2.64,-22.77,0.08,0.71,4.74,50.22650146,-97.2460022
Manitoba,4610,canola,2024,8,46,43.87,36.9,50.85,52.6,-0.43,-12.61,-0.03,0.74,5.7,49.73680115,-95.84950256
Manitoba,4604,canola,2024,8,46,44.25,39.01,49.49,37.96,-6.06,-7.24,-0.65,0.76,4.44,51.0135994,-101.1809998
Manitoba,4605,canola,2024,8,46,46.02,40.14,51.91,42.22,0.92,-2.7,0.19,0.7,4.74,52.08010101,-101.052002
Manitoba,4606,canola,2024,8,46,36.73,31.7,41.76,22.79,-3.69,-9.3,-0.77,0.72,3.52,51.12139893,-99.88110352
Manitoba,4612,canola,2024,8,46,35.58,31,40.17,22.62,-3.26,-16.68,-0.22,0.75,3.15,55.729599,-97.167099
Ontario,3500,canola,2024,8,35,48.55,44.69,52.41,26.89,2.68,-9.08,0.27,0.8,2.74,50.44540024,-86.04720306
New Brunswick / Nouveau-Brunswick,1300,canola,2024,8,13,46.3,42.34,50.26,15.93,9.72,1.54,1.25,0.84,1.55,46.61719894,-66.37850189
Quebec,2400,canola,2024,8,24,40.94,37.52,44.38,5.43,0.6,0.11,0.15,0.32,2.39,53.39260101,-71.78160095
British Columbia / Colombie-Britannique,5901,canola,2024,9,59,34.64,25.54,43.76,-3.92,-9.6,-28.71,-0.48,0.4,6.19,53.85300064,-125.2580032
British Columbia / Colombie-Britannique,5908,canola,2024,9,59,29.33,25.81,32.84,4.62,-3.84,-14.49,-0.45,0.88,2.31,57.69950104,-123.1610031
Alberta,4820,canola,2024,9,48,34.59,30.02,39.17,4.94,4.32,31.03,0.14,0.81,3.66,50.52590179,-112.5500031
Alberta,4810,canola,2024,9,48,28.57,23.67,33.47,4.7,17.95,42.83,0.54,0.79,3.47,50.66460037,-110.9089966
Alberta,4830,canola,2024,9,48,42.49,36.49,48.5,31.62,16.87,24.98,0.6,0.72,4.85,51.08769989,-115.1790009
Alberta,4850,canola,2024,9,48,44.26,39.59,48.94,18.64,2.84,-6.42,0.3,0.73,3.68,52.69950104,-114.6679993
Alberta,4870,canola,2024,9,48,39.29,35,43.58,39.6,13.94,5.05,1.26,0.69,3.21,56.94729996,-116.8280029
Alberta,4860,canola,2024,9,48,42.94,38.58,47.29,24.68,8.97,-3.08,0.81,0.67,3.53,56.47129822,-112.810997
Alberta,4840,canola,2024,9,48,38.42,34.13,42.71,26.37,-2.69,-4.2,-0.19,0.88,3.2,52.48089981,-111.4990005
Alberta,4841,canola,2024,9,48,41.01,36.83,45.21,28.07,0.77,-9.06,0.05,0.89,3.1,53.36869812,-111.6920013
Saskatchewan,4704,canola,2024,9,47,25.05,20.06,30.04,2.17,0.36,29.13,0.01,0.69,4.23,49.53290176,-108.7890015
Saskatchewan,4708,canola,2024,9,47,27.42,22.84,31.99,5.24,20.99,98.68,0.5,0.79,3.96,50.71530151,-108.8300018
Saskatchewan,4703,canola,2024,9,47,24.22,19.73,28.71,-3.85,-3.06,30.9,-0.07,0.76,3.92,49.54230118,-106.4049988
Saskatchewan,4707,canola,2024,9,47,34.37,29.7,39.05,26.03,12.03,45.64,0.35,0.82,3.39,50.59840012,-106.6139984
Saskatchewan,4702,canola,2024,9,47,31.55,27.23,35.88,22.62,-5.3,28.27,-0.28,0.8,3.47,49.52310181,-104.2490005
Saskatchewan,4706,canola,2024,9,47,40.15,35.4,44.89,41.23,3.42,12.46,0.21,0.81,3.43,50.59830093,-104.3659973
Saskatchewan,4701,canola,2024,9,47,36.55,33.28,39.84,34.81,-4.85,7.51,-0.45,0.82,3.16,49.52339935,-102.3099976
Saskatchewan,4705,canola,2024,9,47,42.34,37.5,47.18,48.78,4.34,9.97,0.3,0.82,3.47,50.58200073,-102.3919983
Saskatchewan,4713,canola,2024,9,47,34.83,28.95,40.7,23.58,-1.34,11.27,-0.05,0.77,4.46,52.15140152,-109.262001
Saskatchewan,4717,canola,2024,9,47,42.11,37.3,46.91,39.16,2.35,-0.22,0.12,0.86,3.99,53.79119873,-108.9599991
Saskatchewan,4712,canola,2024,9,47,36.62,31.66,41.57,31.28,21.08,40.29,0.55,0.78,4.24,51.94589996,-107.7990036
Saskatchewan,4711,canola,2024,9,47,35.4,31.35,39.44,28.68,12.8,19.99,0.49,0.8,3.32,51.67309952,-106.0029984
Saskatchewan,4716,canola,2024,9,47,39.06,33.82,44.31,37.57,1.2,-1.61,0.05,0.83,3.9,56.79359818,-105.9339981
Saskatchewan,4710,canola,2024,9,47,42.88,38.28,47.47,48.49,5.46,4.33,0.36,0.81,3.62,51.6393013,-104.1080017
Saskatchewan,4715,canola,2024,9,47,45.14,39.48,50.79,54.34,12.51,4,0.56,0.75,4.76,52.89289856,-105.586998
Saskatchewan,4709,canola,2024,9,47,48.35,43.39,53.32,61.34,6.45,2.65,0.6,0.84,3.89,51.7173996,-102.4309998
Saskatchewan,4714,canola,2024,9,47,43.23,37.9,48.58,46.02,2.79,-3.5,0.16,0.77,4.26,53.01649857,-103.3099976
Manitoba,4601,canola,2024,9,46,42.72,38.15,47.29,43.02,4.81,7.88,1.3,0.75,3.57,49.27149963,-100.3990021
Manitoba,4602,canola,2024,9,46,39.89,36.38,43.39,28.49,-1.37,-0.78,-0.27,0.8,3.18,49.79869843,-100.2649994
Manitoba,4603,canola,2024,9,46,40.97,36.66,45.29,29.33,-3.09,-12.64,-0.48,0.84,3,50.34700012,-100.387001
Manitoba,4608,canola,2024,9,46,46.63,41.73,51.53,37.71,8.8,12.63,0.88,0.78,3.57,49.27899933,-98.30419922
Manitoba,4607,canola,2024,9,46,41.73,36.11,47.34,29.37,8.21,-3.85,0.46,0.71,3.97,49.98550034,-98.45970154
Manitoba,4609,canola,2024,9,46,37.55,31.43,43.68,24.23,-8.63,-18.54,-0.57,0.76,4.93,49.63000107,-96.80410004
Manitoba,4611,canola,2024,9,46,35.24,28.32,42.16,23.92,0.3,-24.53,0.01,0.62,5.38,50.22650146,-97.2460022
Manitoba,4610,canola,2024,9,46,44.95,38.42,51.49,56.35,2.02,-10.46,0.14,0.74,5.66,49.73680115,-95.84950256
Manitoba,4604,canola,2024,9,46,43.53,37.74,49.31,35.71,-7.59,-8.75,-0.81,0.77,4.33,51.0135994,-101.1809998
Manitoba,4605,canola,2024,9,46,47.56,42.74,52.39,46.96,4.29,0.54,0.89,0.69,4.8,52.08010101,-101.052002
Manitoba,4606,canola,2024,9,46,34.25,29.7,38.79,14.49,-10.2,-15.44,-2.13,0.7,3.57,51.12139893,-99.88110352
Manitoba,4612,canola,2024,9,46,35.59,31.08,40.09,22.64,-3.25,-16.66,-0.22,0.74,3.22,55.729599,-97.167099
Ontario,3500,canola,2024,9,35,48.69,45.33,52.07,27.28,2.99,-8.81,0.3,0.76,3.04,50.44540024,-86.04720306
New Brunswick / Nouveau-Brunswick,1300,canola,2024,9,13,46.5,42.91,50.1,16.44,10.2,1.98,1.31,0.84,1.55,46.61719894,-66.37850189
Quebec,2400,canola,2024,9,24,39.9,36.29,43.51,2.74,-1.97,-2.45,-0.48,0.37,2.28,53.39260101,-71.78160095
Alberta,4800,corn,2024,7,48,142.53,125.4,159.65,36.58,2.33,-4.98,0.34,0.7,13.79,55.1697998,-114.5110016
Manitoba,4600,corn,2024,7,46,131.17,115.82,146.52,38.12,9.92,2.16,0.68,0.8,9.2,54.92959976,-97.43240356
New Brunswick / Nouveau-Brunswick,1300,corn,2024,7,13,136.1,121.49,150.72,17.03,7.61,-0.73,0.55,0.57,9.86,46.61719894,-66.37850189
Nova Scotia / Nouvelle-Écosse,1200,corn,2024,7,12,133.26,122.16,144.35,25.4,12.85,23.38,1.33,0.7,7.13,45.14590073,-63.33179855
Ontario,3501,corn,2024,7,35,187.41,175.45,199.37,31.33,6.56,4.87,1.7,0.91,8.06,42.83430099,-81.15840149
Ontario,3502,corn,2024,7,35,177.91,163.54,192.27,32.75,7.15,5.02,1.55,0.92,6.37,44.06389999,-80.59929657
Ontario,3503,corn,2024,7,35,158.15,142.61,173.69,36.95,7.89,-0.22,0.94,0.93,6.52,44.89519882,-78.82150269
Ontario,3504,corn,2024,7,35,167.72,152.26,183.18,27.19,7.68,3.91,1.26,0.77,10.55,45.12820053,-76.3615036
Ontario,3505,corn,2024,7,35,116,95.6,136.4,19.29,-6.6,-2.6,-1.76,0.66,14.01,51.1882019,-86.91320038
Quebec,2403,corn,2024,7,24,152.18,140.66,163.7,16.91,15.41,22.53,2.64,0.57,9.04,47.63639832,-72.93379974
Quebec,2404,corn,2024,7,24,149.06,130.62,167.5,20.43,9.62,29.17,0.54,0.85,8.1,45.46530151,-71.58560181
Quebec,2405,corn,2024,7,24,150.44,141.04,159.84,5.57,5.16,6.02,3.05,0.5,8.2,46.57379913,-73.90589905
Quebec,2406,corn,2024,7,24,140.54,122.22,158.85,0.56,-2.61,-10.09,-0.3,0.68,8.62,46.56259918,-75.8506012
Quebec,2408,corn,2024,7,24,127.83,110.86,144.8,13.55,7.84,7.24,0.93,0.27,13.9,46.48519897,-70.73770142
Quebec,2409,corn,2024,7,24,163.23,148.62,177.84,6.63,3.83,3.37,0.73,0.73,6.78,45.51089859,-72.90090179
Quebec,2410,corn,2024,7,24,168.4,154.92,181.87,7.5,7.71,7.88,1.27,0.56,7.65,45.21229935,-73.78250122
Quebec,2411,corn,2024,7,24,151.37,136.77,165.97,13.1,7.14,9.45,2.25,0.76,8.07,46.09189987,-72.14859772
Alberta,4800,corn,2024,8,48,145.77,128.36,163.19,39.69,4.66,-2.82,0.68,0.7,13.79,55.1697998,-114.5110016
Manitoba,4600,corn,2024,8,46,129.05,116.55,141.54,35.88,8.13,0.5,0.56,0.81,9.03,54.92959976,-97.43240356
New Brunswick / Nouveau-Brunswick,1300,corn,2024,8,13,137.16,124.54,149.77,17.94,8.44,0.04,0.61,0.55,10.1,46.61719894,-66.37850189
Nova Scotia / Nouvelle-Écosse,1200,corn,2024,8,12,131.75,121.22,142.29,23.99,11.58,22,1.2,0.71,7.13,45.14590073,-63.33179855
Ontario,3501,corn,2024,8,35,189.1,178.27,199.92,20.61,7.51,5.82,1.95,0.89,9.32,42.83430099,-81.15840149
Ontario,3502,corn,2024,8,35,177.51,163.26,191.76,20.23,6.91,4.79,1.49,0.91,5.99,44.06389999,-80.59929657
Ontario,3503,corn,2024,8,35,160.83,147.61,174.04,22.63,9.72,1.47,1.16,0.9,7.32,44.89519882,-78.82150269
Ontario,3504,corn,2024,8,35,177.2,162.04,192.36,22.65,13.77,9.79,2.26,0.74,10.07,45.12820053,-76.3615036
Ontario,3505,corn,2024,8,35,115.59,95.73,135.45,18.87,-6.94,-2.95,-1.84,0.66,14.04,51.1882019,-86.91320038
Quebec,2403,corn,2024,8,24,150.47,138.28,162.67,15.6,14.12,21.15,2.42,0.59,8.89,47.63639832,-72.93379974
Quebec,2404,corn,2024,8,24,151.9,141.98,161.82,22.73,11.71,31.63,0.66,0.91,6.35,45.46530151,-71.58560181
Quebec,2405,corn,2024,8,24,149.22,139.9,158.56,4.71,4.31,5.16,2.55,0.5,8.2,46.57379913,-73.90589905
Quebec,2406,corn,2024,8,24,147.69,131.97,163.41,5.68,2.35,-5.51,0.27,0.72,7.99,46.56259918,-75.8506012
Quebec,2408,corn,2024,8,24,128.56,111.46,145.66,14.2,8.45,7.85,1.01,0.27,13.8,46.48519897,-70.73770142
Quebec,2409,corn,2024,8,24,165.19,153.1,177.27,7.91,5.08,4.61,0.97,0.75,6.53,45.51089859,-72.90090179
Quebec,2410,corn,2024,8,24,167.15,152.96,181.34,6.7,6.91,7.08,1.14,0.56,7.65,45.21229935,-73.78250122
Quebec,2411,corn,2024,8,24,154.64,144.32,164.96,15.54,9.46,11.81,2.97,0.72,8.2,46.09189987,-72.14859772
Alberta,4800,corn,2024,9,48,144.84,127.59,162.09,38.8,3.99,-3.44,0.58,0.7,13.83,55.1697998,-114.5110016
Manitoba,4600,corn,2024,9,46,136.31,125.35,147.28,43.53,14.22,6.16,0.97,0.82,8.78,54.92959976,-97.43240356
New Brunswick / Nouveau-Brunswick,1300,corn,2024,9,13,137.57,124,151.14,18.29,8.77,0.34,0.64,0.55,10.1,46.61719894,-66.37850189
Nova Scotia / Nouvelle-Écosse,1200,corn,2024,9,12,135.18,124.23,146.12,27.21,14.48,25.17,1.5,0.72,6.99,45.14590073,-63.33179855
Ontario,3501,corn,2024,9,35,191.08,181.3,200.87,21.88,8.64,6.93,2.24,0.89,9.32,42.83430099,-81.15840149
Ontario,3502,corn,2024,9,35,193.16,185.47,200.85,44.13,16.33,14.02,3.53,0.93,7.04,44.06389999,-80.59929657
Ontario,3503,corn,2024,9,35,169.02,158.84,179.2,28.88,15.31,6.64,1.82,0.9,7.32,44.89519882,-78.82150269
Ontario,3504,corn,2024,9,35,173.17,161.72,184.62,19.86,11.18,7.29,1.84,0.73,10.34,45.12820053,-76.3615036
Ontario,3505,corn,2024,9,35,113.7,97.45,129.94,16.93,-8.46,-4.54,-2.25,0.66,14.06,51.1882019,-86.91320038
Quebec,2403,corn,2024,9,24,147.33,135.89,158.77,13.19,11.74,18.63,2.01,0.61,8.59,47.63639832,-72.93379974
Quebec,2404,corn,2024,9,24,151.56,141.72,161.4,22.45,11.46,31.33,0.65,0.91,6.35,45.46530151,-71.58560181
Quebec,2405,corn,2024,9,24,150.17,140.7,159.64,5.38,4.97,5.83,2.94,0.5,8.2,46.57379913,-73.90589905
Quebec,2406,corn,2024,9,24,172.7,157.99,187.42,23.57,19.68,10.49,2.26,0.68,8.62,46.56259918,-75.8506012
Quebec,2408,corn,2024,9,24,124.64,110.9,138.39,10.72,5.15,4.56,0.61,0.31,13.46,46.48519897,-70.73770142
Quebec,2409,corn,2024,9,24,166.48,155.56,177.4,8.76,5.91,5.44,1.12,0.78,6.1,45.51089859,-72.90090179
Quebec,2410,corn,2024,9,24,166.55,154.39,178.72,6.32,6.53,6.7,1.07,0.56,7.65,45.21229935,-73.78250122
Quebec,2411,corn,2024,9,24,157.29,146.9,167.67,17.52,11.33,13.73,3.56,0.76,8.07,46.09189987,-72.14859772
Alberta,4820,durum_wheat,2024,7,48,45.32,38.1,52.55,13.22,14.56,43.42,0.45,0.87,3.17,50.52590179,-112.5500031
Alberta,4810,durum_wheat,2024,7,48,37.59,28.28,46.9,8.97,39.11,91.78,1.21,0.82,3.88,50.66460037,-110.9089966
Alberta,4830,durum_wheat,2024,7,48,45.51,37.44,53.58,19,10.2,31.16,0.37,0.77,4.47,51.08769989,-115.1790009
Saskatchewan,4704,durum_wheat,2024,7,47,32.07,22.16,41.97,9.71,28.06,85.36,0.57,0.88,3.04,49.53290176,-108.7890015
Saskatchewan,4708,durum_wheat,2024,7,47,32.68,22.22,43.15,6.3,37.33,117.89,0.84,0.78,4.49,50.71530151,-108.8300018
Saskatchewan,4703,durum_wheat,2024,7,47,32.79,24.76,40.83,7.99,0.52,67.32,0.02,0.86,2.89,49.54230118,-106.4049988
Saskatchewan,4707,durum_wheat,2024,7,47,39.39,30.87,47.91,18.75,13.13,44.82,0.36,0.87,3.02,50.59840012,-106.6139984
Saskatchewan,4702,durum_wheat,2024,7,47,41.36,34.13,48.59,32.01,1.27,34.29,0.06,0.84,3.19,49.52310181,-104.2490005
Saskatchewan,4706,durum_wheat,2024,7,47,49.24,42.11,56.38,33.12,7.52,13.99,0.4,0.83,3.63,50.59830093,-104.3659973
Saskatchewan,4701,durum_wheat,2024,7,47,46.72,39.38,54.04,42.9,1.91,47.83,0.08,0.77,4.47,49.52339935,-102.3099976
Saskatchewan,4705,durum_wheat,2024,7,47,48.55,40.84,56.25,37.37,29.48,,1.07,0.76,3.88,50.58200073,-102.3919983
Saskatchewan,4713,durum_wheat,2024,7,47,42.14,33.08,51.2,26.12,26.7,16.41,0.9,0.7,4.66,52.15140152,-109.262001
Saskatchewan,4717,durum_wheat,2024,7,47,50.24,39.46,61,37.51,,,,0.59,7.95,53.79119873,-108.9599991
Saskatchewan,4712,durum_wheat,2024,7,47,42.62,33.35,51.9,27.93,26.4,84.52,0.55,0.84,3.98,51.94589996,-107.7990036
Saskatchewan,4711,durum_wheat,2024,7,47,41.08,32.4,49.77,25.93,30.01,75.57,0.95,0.76,4.39,51.67309952,-106.0029984
Saskatchewan,4716,durum_wheat,2024,7,47,46.34,38.79,53.88,34.18,,,,0.55,5.69,56.79359818,-105.9339981
Saskatchewan,4710,durum_wheat,2024,7,47,49.01,41.2,56.82,44.79,,,,0.66,5.02,51.6393013,-104.1080017
Saskatchewan,4715,durum_wheat,2024,7,47,57.41,48.37,66.46,58.33,4.64,,0.1,0.69,6.93,52.89289856,-105.586998
Saskatchewan,4709,durum_wheat,2024,7,47,48.49,41.95,55.02,36.42,,,,0.65,4.46,51.7173996,-102.4309998
Saskatchewan,4714,durum_wheat,2024,7,47,51.42,44.12,58.73,42.62,,-7.51,,0.7,4.74,53.01649857,-103.3099976
Alberta,4820,durum_wheat,2024,8,48,46.93,42.83,51.04,17.24,18.63,48.52,0.58,0.86,3.31,50.52590179,-112.5500031
Alberta,4810,durum_wheat,2024,8,48,34.81,30.3,39.33,6.65,28.84,77.62,0.89,0.83,3.7,50.66460037,-110.9089966
Alberta,4830,durum_wheat,2024,8,48,39.83,34.13,45.53,4.13,-3.57,14.77,-0.13,0.75,4.68,51.08769989,-115.1790009
Saskatchewan,4704,durum_wheat,2024,8,47,29.86,23.45,36.26,2.16,19.25,72.6,0.39,0.83,3.68,49.53290176,-108.7890015
Saskatchewan,4708,durum_wheat,2024,8,47,30,24.68,35.32,-2.42,26.07,100.03,0.58,0.76,4.59,50.71530151,-108.8300018
Saskatchewan,4703,durum_wheat,2024,8,47,27.98,22.86,33.1,-7.87,-14.25,42.74,-0.44,0.78,3.46,49.54230118,-106.4049988
Saskatchewan,4707,durum_wheat,2024,8,47,37.02,31.88,42.14,11.58,6.3,36.08,0.17,0.88,2.99,50.59840012,-106.6139984
Saskatchewan,4702,durum_wheat,2024,8,47,37.55,33.43,41.67,19.86,-8.05,21.93,-0.38,0.84,3.19,49.52310181,-104.2490005
Saskatchewan,4706,durum_wheat,2024,8,47,49.59,45.35,53.82,34.06,8.28,14.79,0.44,0.83,3.66,50.59830093,-104.3659973
Saskatchewan,4701,durum_wheat,2024,8,47,41.33,35.78,46.87,26.41,-9.84,30.78,-0.44,0.77,4.47,49.52339935,-102.3099976
Saskatchewan,4705,durum_wheat,2024,8,47,44.75,40.26,49.23,26.6,19.33,,0.7,0.77,3.67,50.58200073,-102.3919983
Saskatchewan,4713,durum_wheat,2024,8,47,32.43,24.89,39.96,-2.95,-2.5,-10.42,-0.08,0.76,4.14,52.15140152,-109.262001
Saskatchewan,4717,durum_wheat,2024,8,47,41.42,32.94,49.9,13.37,,,,0.59,7.95,53.79119873,-108.9599991
Saskatchewan,4712,durum_wheat,2024,8,47,38.56,32.16,44.98,15.75,14.36,66.94,0.3,0.84,3.95,51.94589996,-107.7990036
Saskatchewan,4711,durum_wheat,2024,8,47,38.07,32.02,44.12,16.68,20.46,62.68,0.65,0.8,4.02,51.67309952,-106.0029984
Saskatchewan,4716,durum_wheat,2024,8,47,43.42,35.92,50.92,25.72,,,,0.59,5.37,56.79359818,-105.9339981
Saskatchewan,4710,durum_wheat,2024,8,47,46.5,39.65,53.35,37.36,,,,0.66,5,51.6393013,-104.1080017
Saskatchewan,4715,durum_wheat,2024,8,47,51.57,43.58,59.57,42.22,-6.01,,-0.13,0.64,7.33,52.89289856,-105.586998
Saskatchewan,4709,durum_wheat,2024,8,47,48.46,42.01,54.89,36.33,,,,0.65,4.46,51.7173996,-102.4309998
Saskatchewan,4714,durum_wheat,2024,8,47,46.44,40,52.88,28.8,,-16.47,,0.7,4.74,53.01649857,-103.3099976
Alberta,4820,durum_wheat,2024,9,48,44.04,39.76,48.3,10.01,11.31,39.35,0.35,0.87,3.14,50.52590179,-112.5500031
Alberta,4810,durum_wheat,2024,9,48,35.07,30.57,39.58,7.44,29.8,78.93,0.92,0.83,3.69,50.66460037,-110.9089966
Alberta,4830,durum_wheat,2024,9,48,40.32,34.82,45.82,5.42,-2.37,16.2,-0.09,0.76,4.59,51.08769989,-115.1790009
Saskatchewan,4704,durum_wheat,2024,9,47,25.59,20.52,30.66,-12.44,2.2,47.92,0.04,0.84,3.51,49.53290176,-108.7890015
Saskatchewan,4708,durum_wheat,2024,9,47,32.5,26.25,38.75,5.71,36.57,116.68,0.82,0.76,4.64,50.71530151,-108.8300018
Saskatchewan,4703,durum_wheat,2024,9,47,26.35,23.06,29.65,-13.22,-19.22,34.45,-0.6,0.86,2.85,49.54230118,-106.4049988
Saskatchewan,4707,durum_wheat,2024,9,47,37.35,33.59,41.11,12.6,7.27,37.32,0.2,0.88,2.97,50.59840012,-106.6139984
Saskatchewan,4702,durum_wheat,2024,9,47,36.87,32.49,41.24,17.66,-9.73,19.7,-0.46,0.84,3.19,49.52310181,-104.2490005
Saskatchewan,4706,durum_wheat,2024,9,47,48.89,44.61,53.16,32.16,6.74,13.17,0.36,0.83,3.64,50.59830093,-104.3659973
Saskatchewan,4701,durum_wheat,2024,9,47,41.67,36.23,47.11,27.46,-9.1,31.86,-0.4,0.77,4.47,49.52339935,-102.3099976
Saskatchewan,4705,durum_wheat,2024,9,47,44.78,40.67,48.9,26.7,19.42,,0.7,0.77,3.72,50.58200073,-102.3919983
Saskatchewan,4713,durum_wheat,2024,9,47,35.65,31.02,40.27,6.69,7.18,-1.52,0.24,0.79,3.93,52.15140152,-109.262001
Saskatchewan,4717,durum_wheat,2024,9,47,40.07,31.49,48.65,9.68,,,,0.59,8.01,53.79119873,-108.9599991
Saskatchewan,4712,durum_wheat,2024,9,47,42.21,37.33,47.08,26.68,25.16,82.71,0.53,0.85,3.82,51.94589996,-107.7990036
Saskatchewan,4711,durum_wheat,2024,9,47,37.92,32.59,43.25,16.24,20.01,62.06,0.64,0.76,4.42,51.67309952,-106.0029984
Saskatchewan,4716,durum_wheat,2024,9,47,41.15,33.55,48.76,19.16,,,,0.57,5.48,56.79359818,-105.9339981
Saskatchewan,4710,durum_wheat,2024,9,47,47.7,42.14,53.24,40.89,,,,0.63,5.19,51.6393013,-104.1080017
Saskatchewan,4715,durum_wheat,2024,9,47,51.43,43.99,58.87,41.84,-6.26,,-0.14,0.64,7.33,52.89289856,-105.586998
Saskatchewan,4709,durum_wheat,2024,9,47,48.97,42.89,55.05,37.77,,,,0.65,4.46,51.7173996,-102.4309998
Saskatchewan,4714,durum_wheat,2024,9,47,46.79,40.25,53.33,29.77,,-15.84,,0.7,4.74,53.01649857,-103.3099976
Alberta,4820,fall_rye,2024,7,48,63.56,52.01,75.11,25.98,-4.39,26.1,-0.19,0.54,10.17,50.52590179,-112.5500031
Alberta,4810,fall_rye,2024,7,48,43.64,33.69,53.6,30.73,9.93,,0.39,0.56,5.53,50.66460037,-110.9089966
Alberta,4830,fall_rye,2024,7,48,40.27,28.29,52.25,-8.72,5.69,21.65,0.25,0.52,8.51,51.08769989,-115.1790009
Alberta,4850,fall_rye,2024,7,48,42.1,21.35,62.84,3.61,,,,0.61,11.68,52.69950104,-114.6679993
Alberta,4870,fall_rye,2024,7,48,57.61,44.7,70.53,42.29,1.31,,0.15,0.65,9.5,56.94729996,-116.8280029
Alberta,4860,fall_rye,2024,7,48,36.92,26.08,47.76,9.83,,,,0.69,10.25,56.47129822,-112.810997
Alberta,4840,fall_rye,2024,7,48,51.03,40.56,61.5,51.86,,,,0.61,7.4,52.48089981,-111.4990005
Alberta,4841,fall_rye,2024,7,48,42.93,25.27,60.59,16.45,,,,0.19,17.08,53.36869812,-111.6920013
Saskatchewan,4704,fall_rye,2024,7,47,36.78,28.58,44.99,55.24,5.9,,0.33,0.49,6.21,49.53290176,-108.7890015
Saskatchewan,4708,fall_rye,2024,7,47,42.78,33.95,51.62,36.69,26.11,,0.72,0.6,6.17,50.71530151,-108.8300018
Saskatchewan,4703,fall_rye,2024,7,47,28.21,21.89,34.54,11.16,10.78,,0.61,0.51,4.05,49.54230118,-106.4049988
Saskatchewan,4707,fall_rye,2024,7,47,37.61,30.33,44.89,32.82,,,,0.48,4.99,50.59840012,-106.6139984
Saskatchewan,4702,fall_rye,2024,7,47,41.24,32.62,49.86,31.78,0.77,27.68,0.05,0.46,6.44,49.52310181,-104.2490005
Saskatchewan,4706,fall_rye,2024,7,47,38.63,27.38,49.89,19.08,25.57,-0.43,0.81,0.6,6.63,50.59830093,-104.3659973
Saskatchewan,4701,fall_rye,2024,7,47,53.14,43.55,62.72,42.98,16.86,45.99,0.96,0.74,5.37,49.52339935,-102.3099976
Saskatchewan,4705,fall_rye,2024,7,47,47.62,30.55,64.69,32.91,-4.09,68.27,-0.07,0.24,14.05,50.58200073,-102.3919983
Saskatchewan,4713,fall_rye,2024,7,47,46.57,36.56,56.57,50.15,27.58,,0.49,0.41,7.34,52.15140152,-109.262001
Saskatchewan,4717,fall_rye,2024,7,47,63.1,47.27,78.94,103.6,,-28.13,,0.66,12.99,53.79119873,-108.9599991
Saskatchewan,4712,fall_rye,2024,7,47,43.98,35.33,52.61,39.33,30.49,,0.63,0.52,6.42,51.94589996,-107.7990036
Saskatchewan,4711,fall_rye,2024,7,47,45.18,32.83,57.53,34.46,-15.72,19.51,-0.6,0.41,8.85,51.67309952,-106.0029984
Saskatchewan,4716,fall_rye,2024,7,47,44.15,33.31,54.99,36.52,,,,0.19,14.73,56.79359818,-105.9339981
Saskatchewan,4710,fall_rye,2024,7,47,58.13,44.15,72.12,65.24,-12.93,-36.88,-0.3,0.58,9.98,51.6393013,-104.1080017
Saskatchewan,4715,fall_rye,2024,7,47,56.48,44.23,68.73,57.8,18.99,,0.28,0.36,11.55,52.89289856,-105.586998
Saskatchewan,4709,fall_rye,2024,7,47,35.97,25.78,46.17,10.78,,,,0.51,5.29,51.7173996,-102.4309998
Saskatchewan,4714,fall_rye,2024,7,47,35.98,26.48,45.48,7.17,,18.35,,0.47,5.64,53.01649857,-103.3099976
Manitoba,4601,fall_rye,2024,7,46,58.46,48.1,68.81,46.46,3.79,-6.02,0.1,0.62,8.5,49.27149963,-100.3990021
Manitoba,4602,fall_rye,2024,7,46,56.97,50.76,63.18,47.42,13.26,32.8,1.44,0.81,4.11,49.79869843,-100.2649994
Manitoba,4603,fall_rye,2024,7,46,62.56,50.86,74.26,52.42,-7.28,-13.59,-0.63,0.56,9.27,50.34700012,-100.387001
Manitoba,4608,fall_rye,2024,7,46,72.93,61.57,84.29,45.73,13.21,33.58,0.85,0.75,6.82,49.27899933,-98.30419922
Manitoba,4607,fall_rye,2024,7,46,61.62,50.65,72.59,36.33,-0.96,-9.91,-0.06,0.75,7.01,49.98550034,-98.45970154
Manitoba,4609,fall_rye,2024,7,46,68.91,57.37,80.46,88.51,-3.71,,-0.3,0.93,5.35,49.63000107,-96.80410004
Manitoba,4611,fall_rye,2024,7,46,51.68,40.83,62.53,12.84,-5.89,-30.16,-0.17,0.62,11.26,50.22650146,-97.2460022
Manitoba,4610,fall_rye,2024,7,46,57.96,45.09,70.83,69.92,,,,0.87,5.75,49.73680115,-95.84950256
Manitoba,4604,fall_rye,2024,7,46,66.3,50.35,82.25,62.56,,,,0.81,8.08,51.0135994,-101.1809998
Manitoba,4605,fall_rye,2024,7,46,50.55,39.42,61.67,56.18,,,,0.37,8.93,52.08010101,-101.052002
Manitoba,4606,fall_rye,2024,7,46,45.53,36.31,54.75,15.91,1.5,0.96,0.16,0.31,7.85,51.12139893,-99.88110352
Manitoba,4612,fall_rye,2024,7,46,56.2,32.4,80.01,49.27,,-31.63,,0.72,12.38,55.729599,-97.167099
Ontario,3500,fall_rye,2024,7,35,49.59,44.37,54.81,24.74,-1.46,10.69,-0.13,0.76,2.98,50.44540024,-86.04720306
Quebec,2400,fall_rye,2024,7,24,47.32,40.26,54.38,25.11,-0.58,11.88,-0.03,0.74,4.28,53.39260101,-71.78160095
Alberta,4820,fall_rye,2024,8,48,63.58,51.36,75.79,26.02,-4.36,26.14,-0.18,0.54,10.17,50.52590179,-112.5500031
Alberta,4810,fall_rye,2024,8,48,37.16,28.17,46.16,11.32,-6.39,,-0.25,0.56,5.53,50.66460037,-110.9089966
Alberta,4830,fall_rye,2024,8,48,34.19,25.53,42.83,-22.51,-10.27,3.28,-0.45,0.52,8.51,51.08769989,-115.1790009
Alberta,4850,fall_rye,2024,8,48,47.16,27.75,66.56,16.07,,,,0.67,10.88,52.69950104,-114.6679993
Alberta,4870,fall_rye,2024,8,48,52.23,36.48,67.97,29,-8.16,,-0.93,0.58,10.4,56.94729996,-116.8280029
Alberta,4860,fall_rye,2024,8,48,39.4,25.53,53.27,17.21,,,,0.69,10.25,56.47129822,-112.810997
Alberta,4840,fall_rye,2024,8,48,48.65,37.86,59.44,44.79,,,,0.6,7.47,52.48089981,-111.4990005
Alberta,4841,fall_rye,2024,8,48,44,28.75,59.26,19.37,,,,0.27,16.17,53.36869812,-111.6920013
Saskatchewan,4704,fall_rye,2024,8,47,37.78,29.33,46.22,59.46,8.78,,0.49,0.52,5.98,49.53290176,-108.7890015
Saskatchewan,4708,fall_rye,2024,8,47,44.18,36.37,52,41.16,30.24,,0.83,0.6,6.18,50.71530151,-108.8300018
Saskatchewan,4703,fall_rye,2024,8,47,29.85,23.73,35.97,17.6,17.2,,0.97,0.51,4.05,49.54230118,-106.4049988
Saskatchewan,4707,fall_rye,2024,8,47,35.84,29.02,42.65,26.57,,,,0.46,5.05,50.59840012,-106.6139984
Saskatchewan,4702,fall_rye,2024,8,47,38.7,31.17,46.23,23.65,-5.45,19.8,-0.35,0.54,5.58,49.52310181,-104.2490005
Saskatchewan,4706,fall_rye,2024,8,47,39.39,30.25,48.53,21.41,28.03,1.53,0.89,0.52,7.28,50.59830093,-104.3659973
Saskatchewan,4701,fall_rye,2024,8,47,53.41,43.3,63.51,43.7,17.44,46.72,1,0.73,5.5,49.52339935,-102.3099976
Saskatchewan,4705,fall_rye,2024,8,47,35.67,22.15,49.21,-0.43,-28.15,26.06,-0.47,0.31,13.65,50.58200073,-102.3919983
Saskatchewan,4713,fall_rye,2024,8,47,43.57,36.16,50.98,40.49,19.36,,0.35,0.4,7.45,52.15140152,-109.262001
Saskatchewan,4717,fall_rye,2024,8,47,49.31,33.36,65.27,63.92,,-43.83,,0.45,14.41,53.79119873,-108.9599991
Saskatchewan,4712,fall_rye,2024,8,47,34.67,25.11,44.22,9.84,2.88,,0.06,0.5,6.57,51.94589996,-107.7990036
Saskatchewan,4711,fall_rye,2024,8,47,47,37.88,56.13,39.9,-12.31,24.35,-0.47,0.41,8.8,51.67309952,-106.0029984
Saskatchewan,4716,fall_rye,2024,8,47,44.83,34.25,55.41,38.62,,,,0.26,9.94,56.79359818,-105.9339981
Saskatchewan,4710,fall_rye,2024,8,47,58.29,47.06,69.52,65.69,-12.69,-36.71,-0.3,0.58,9.98,51.6393013,-104.1080017
Saskatchewan,4715,fall_rye,2024,8,47,48.14,34.87,61.41,34.51,1.43,,0.02,0.23,12.59,52.89289856,-105.586998
Saskatchewan,4709,fall_rye,2024,8,47,36.69,27.59,45.8,12.99,,,,0.51,5.29,51.7173996,-102.4309998
Saskatchewan,4714,fall_rye,2024,8,47,34.49,25.23,43.76,2.75,,13.47,,0.53,5.29,53.01649857,-103.3099976
Manitoba,4601,fall_rye,2024,8,46,57.94,48.45,67.44,45.17,2.88,-6.84,0.07,0.59,8.75,49.27149963,-100.3990021
Manitoba,4602,fall_rye,2024,8,46,56.81,51.1,62.53,47,12.94,32.43,1.4,0.81,4.11,49.79869843,-100.2649994
Manitoba,4603,fall_rye,2024,8,46,63.06,51.98,74.13,53.63,-6.55,-12.91,-0.56,0.6,8.62,50.34700012,-100.387001
Manitoba,4608,fall_rye,2024,8,46,75.37,64.16,86.58,50.6,16.99,38.04,1.09,0.74,6.41,49.27899933,-98.30419922
Manitoba,4607,fall_rye,2024,8,46,59.72,51.02,68.41,32.11,-4.02,-12.7,-0.26,0.76,6.91,49.98550034,-98.45970154
Manitoba,4609,fall_rye,2024,8,46,71.53,60.36,82.71,95.67,-0.05,,0,0.89,6.6,49.63000107,-96.80410004
Manitoba,4611,fall_rye,2024,8,46,53.94,41.54,66.34,17.78,-1.78,-27.1,-0.05,0.62,11.26,50.22650146,-97.2460022
Manitoba,4610,fall_rye,2024,8,46,57.22,45.79,68.65,67.75,,,,0.87,5.75,49.73680115,-95.84950256
Manitoba,4604,fall_rye,2024,8,46,63.83,48.8,78.85,56.51,,,,0.81,8.08,51.0135994,-101.1809998
Manitoba,4605,fall_rye,2024,8,46,49.92,37.89,61.95,54.23,,,,0.37,8.93,52.08010101,-101.052002
Manitoba,4606,fall_rye,2024,8,46,44.6,34.7,54.51,13.54,-0.58,-1.11,-0.06,0.34,7.73,51.12139893,-99.88110352
Manitoba,4612,fall_rye,2024,8,46,60.82,41.82,79.83,61.54,,-26.01,,0.72,12.38,55.729599,-97.167099
Ontario,3500,fall_rye,2024,8,35,49.74,44.64,54.84,25.13,-1.15,11.03,-0.11,0.76,2.99,50.44540024,-86.04720306
Quebec,2400,fall_rye,2024,8,24,47.32,40.42,54.22,25.1,-0.59,11.87,-0.03,0.73,4.37,53.39260101,-71.78160095
Alberta,4820,fall_rye,2024,9,48,63.61,52.53,74.69,26.09,-4.31,26.21,-0.18,0.54,10.17,50.52590179,-112.5500031
Alberta,4810,fall_rye,2024,9,48,38.86,31.03,46.69,16.39,-2.12,,-0.08,0.59,5.23,50.66460037,-110.9089966
Alberta,4830,fall_rye,2024,9,48,35.28,24.43,46.13,-20.03,-7.4,6.59,-0.32,0.52,8.51,51.08769989,-115.1790009
Alberta,4850,fall_rye,2024,9,48,48.97,31.98,65.96,20.53,,,,0.62,11.49,52.69950104,-114.6679993
Alberta,4870,fall_rye,2024,9,48,57.48,44.05,70.9,41.96,1.07,,0.12,0.59,10.49,56.94729996,-116.8280029
Alberta,4860,fall_rye,2024,9,48,39.5,28.5,50.5,17.51,,,,0.69,10.25,56.47129822,-112.810997
Alberta,4840,fall_rye,2024,9,48,48.07,37.78,58.36,43.05,,,,0.57,7.78,52.48089981,-111.4990005
Alberta,4841,fall_rye,2024,9,48,44.69,26.1,63.3,21.24,,,,0.37,14.84,53.36869812,-111.6920013
Saskatchewan,4704,fall_rye,2024,9,47,37.7,28.78,46.62,59.12,8.54,,0.48,0.52,5.98,49.53290176,-108.7890015
Saskatchewan,4708,fall_rye,2024,9,47,43.54,36.23,50.86,39.12,28.36,,0.78,0.6,6.18,50.71530151,-108.8300018
Saskatchewan,4703,fall_rye,2024,9,47,29.14,23.25,35.04,14.81,14.42,,0.82,0.51,4.05,49.54230118,-106.4049988
Saskatchewan,4707,fall_rye,2024,9,47,34.71,28,41.42,22.59,,,,0.46,5.05,50.59840012,-106.6139984
Saskatchewan,4702,fall_rye,2024,9,47,37.87,30.9,44.84,21.01,-7.47,17.24,-0.48,0.54,5.58,49.52310181,-104.2490005
Saskatchewan,4706,fall_rye,2024,9,47,39.92,31.17,48.67,23.04,29.74,2.88,0.94,0.65,5.95,50.59830093,-104.3659973
Saskatchewan,4701,fall_rye,2024,9,47,54.42,46.62,62.22,46.41,19.66,49.49,1.12,0.77,5.2,49.52339935,-102.3099976
Saskatchewan,4705,fall_rye,2024,9,47,36.78,21.68,51.89,2.66,-25.92,29.98,-0.44,0.28,13.9,50.58200073,-102.3919983
Saskatchewan,4713,fall_rye,2024,9,47,42.21,32.92,51.48,36.09,15.63,,0.28,0.41,7.49,52.15140152,-109.262001
Saskatchewan,4717,fall_rye,2024,9,47,57.34,40.43,74.26,90.61,,-34.69,,0.38,15.12,53.79119873,-108.9599991
Saskatchewan,4712,fall_rye,2024,9,47,41.85,33.4,50.31,32.59,24.18,,0.5,0.52,6.61,51.94589996,-107.7990036
Saskatchewan,4711,fall_rye,2024,9,47,48.8,37.73,59.86,45.25,-8.96,29.1,-0.34,0.41,8.8,51.67309952,-106.0029984
Saskatchewan,4716,fall_rye,2024,9,47,42.68,32.3,53.07,31.98,,,,0.27,9.91,56.79359818,-105.9339981
Saskatchewan,4710,fall_rye,2024,9,47,58.3,47.55,69.05,65.7,-12.68,-36.7,-0.3,0.58,9.98,51.6393013,-104.1080017
Saskatchewan,4715,fall_rye,2024,9,47,47.5,33.84,61.15,32.7,0.06,,0,0.23,12.59,52.89289856,-105.586998
Saskatchewan,4709,fall_rye,2024,9,47,39.19,31,47.38,20.68,,,,0.51,5.3,51.7173996,-102.4309998
Saskatchewan,4714,fall_rye,2024,9,47,33.91,25.48,42.35,1,,11.54,,0.42,5.87,53.01649857,-103.3099976
Manitoba,4601,fall_rye,2024,9,46,58.86,49.61,68.11,47.47,4.51,-5.37,0.12,0.59,8.75,49.27149963,-100.3990021
Manitoba,4602,fall_rye,2024,9,46,57.84,52.16,63.53,49.67,14.99,34.83,1.62,0.81,4.11,49.79869843,-100.2649994
Manitoba,4603,fall_rye,2024,9,46,62.87,51.24,74.5,53.17,-6.83,-13.17,-0.59,0.59,8.77,50.34700012,-100.387001
Manitoba,4608,fall_rye,2024,9,46,77.09,67.7,86.47,54.04,19.66,41.19,1.26,0.74,6.9,49.27899933,-98.30419922
Manitoba,4607,fall_rye,2024,9,46,60.8,50.74,70.87,34.52,-2.27,-11.1,-0.15,0.76,6.91,49.98550034,-98.45970154
Manitoba,4609,fall_rye,2024,9,46,71.56,62.73,80.39,95.74,-0.02,,0,0.89,6.6,49.63000107,-96.80410004
Manitoba,4611,fall_rye,2024,9,46,50.78,41.85,59.71,10.87,-7.54,-31.38,-0.21,0.62,11.26,50.22650146,-97.2460022
Manitoba,4610,fall_rye,2024,9,46,56.6,44.49,68.7,65.93,,,,0.87,5.75,49.73680115,-95.84950256
Manitoba,4604,fall_rye,2024,9,46,68.17,59.68,76.66,67.15,,,,0.81,8.08,51.0135994,-101.1809998
Manitoba,4605,fall_rye,2024,9,46,50.62,39.39,61.84,56.4,,,,0.37,8.93,52.08010101,-101.052002
Manitoba,4606,fall_rye,2024,9,46,44.15,34.41,53.89,12.38,-1.59,-2.12,-0.17,0.34,7.73,51.12139893,-99.88110352
Manitoba,4612,fall_rye,2024,9,46,62.43,45.36,79.5,65.82,,-24.05,,0.72,12.38,55.729599,-97.167099
Ontario,3500,fall_rye,2024,9,35,50.27,46.2,54.35,26.46,-0.1,12.21,-0.01,0.77,2.92,50.44540024,-86.04720306
Quebec,2400,fall_rye,2024,9,24,43.51,37.33,49.7,15.02,-8.6,2.86,-0.46,0.76,4.1,53.39260101,-71.78160095
Manitoba,4601,flaxseed,2024,7,46,22.75,18.14,27.36,11.84,10.45,19.12,0.96,0.35,3.16,49.27149963,-100.3990021
Manitoba,4602,flaxseed,2024,7,46,26.33,22.25,30.42,21.21,12.62,0.12,1.28,0.59,2.4,49.79869843,-100.2649994
Manitoba,4603,flaxseed,2024,7,46,27.12,23.31,30.93,22.35,1.33,,0.13,0.7,2.32,50.34700012,-100.387001
Manitoba,4604,flaxseed,2024,7,46,24.16,18.97,29.34,11.44,,,,0.61,2.82,51.0135994,-101.1809998
Manitoba,4605,flaxseed,2024,7,46,27.99,23.6,32.38,40.43,,,,0.67,3.22,52.08010101,-101.052002
Manitoba,4606,flaxseed,2024,7,46,18.01,12.37,23.66,-9.18,,,,0.41,3.92,51.12139893,-99.88110352
Manitoba,4607,flaxseed,2024,7,46,28.42,21.38,35.44,26.59,6.03,,0.15,0.61,4.26,49.98550034,-98.45970154
Manitoba,4608,flaxseed,2024,7,46,31.98,25.78,38.18,37.64,6.61,12.62,0.2,0.76,3.33,49.27899933,-98.30419922
Manitoba,4609,flaxseed,2024,7,46,25.71,18.6,32.83,26.77,-7.11,-19.4,-0.24,0.72,3.48,49.63000107,-96.80410004
Manitoba,4610,flaxseed,2024,7,46,21.16,13.71,28.62,14.16,,,,0.68,3.32,49.73680115,-95.84950256
Manitoba,4611,flaxseed,2024,7,46,19.84,13.41,26.27,2.71,2.39,,0.04,0.45,4.53,50.22650146,-97.2460022
Manitoba,4612,flaxseed,2024,7,46,24.57,19.98,29.17,25.64,,,,0.75,2.69,55.729599,-97.167099
Alberta,4810,flaxseed,2024,7,48,24.73,16.09,33.37,3.09,14.59,4.79,0.4,0.4,5.84,50.66460037,-110.9089966
Alberta,4820,flaxseed,2024,7,48,32.31,26.81,37.81,15.73,26.02,115.41,0.75,0.75,2.76,50.52590179,-112.5500031
Alberta,4830,flaxseed,2024,7,48,26.26,19.56,32.97,17.2,,,,0.74,4.44,51.08769989,-115.1790009
Alberta,4840,flaxseed,2024,7,48,33.19,26.3,40.09,44.27,13.08,,0.4,0.84,2.96,52.48089981,-111.4990005
Alberta,4841,flaxseed,2024,7,48,28.08,21.91,34.25,15.35,9.83,,0.28,0.66,3.21,53.36869812,-111.6920013
Alberta,4850,flaxseed,2024,7,48,23.89,17.78,30.01,5.71,,,,0.37,5.92,52.69950104,-114.6679993
Alberta,4860,flaxseed,2024,7,48,24.56,19.88,29.24,9.78,,,,0.69,3.81,56.47129822,-112.810997
Alberta,4870,flaxseed,2024,7,48,26,20.59,31.41,21.17,,,,0.57,3.54,56.94729996,-116.8280029
Saskatchewan,4704,flaxseed,2024,7,47,18.01,11.45,24.56,1.03,26.52,177.04,0.5,0.7,3.64,49.53290176,-108.7890015
Saskatchewan,4708,flaxseed,2024,7,47,19.01,11.35,26.68,2.12,22.08,,0.63,0.47,5.18,50.71530151,-108.8300018
Saskatchewan,4703,flaxseed,2024,7,47,16.32,11.28,21.35,-4.15,12.98,58.4,0.35,0.76,2.21,49.54230118,-106.4049988
Saskatchewan,4707,flaxseed,2024,7,47,20.56,15.25,25.88,4.79,15.66,,0.34,0.7,2.41,50.59840012,-106.6139984
Saskatchewan,4702,flaxseed,2024,7,47,21.1,16.79,25.42,19.38,8.79,46.56,0.36,0.81,1.74,49.52310181,-104.2490005
Saskatchewan,4706,flaxseed,2024,7,47,24.1,19.21,28.99,17.76,13.91,18.15,0.54,0.62,2.59,50.59830093,-104.3659973
Saskatchewan,4701,flaxseed,2024,7,47,22.99,18.91,27.08,22.01,3.11,27.04,0.14,0.65,2.32,49.52339935,-102.3099976
Saskatchewan,4705,flaxseed,2024,7,47,23.7,19.34,28.05,17.17,9.1,19.08,0.43,0.46,3.05,50.58200073,-102.3919983
Saskatchewan,4713,flaxseed,2024,7,47,31.3,21.48,41.12,46.53,26.51,28.8,0.83,0.2,7.82,52.15140152,-109.262001
Saskatchewan,4717,flaxseed,2024,7,47,29.64,21.27,38.01,25.79,,,,0.71,5.39,53.79119873,-108.9599991
Saskatchewan,4712,flaxseed,2024,7,47,25.43,18.98,31.88,23.76,17.83,13.52,0.53,0.57,4.08,51.94589996,-107.7990036
Saskatchewan,4711,flaxseed,2024,7,47,23.44,18.14,28.75,18.06,24.95,11.62,0.91,0.69,2.66,51.67309952,-106.0029984
Saskatchewan,4716,flaxseed,2024,7,47,27.43,21.04,33.82,31.77,40.65,,0.79,0.66,3.82,56.79359818,-105.9339981
Saskatchewan,4710,flaxseed,2024,7,47,28.3,24.26,32.34,34.35,3,14.11,0.25,0.66,2.65,51.6393013,-104.1080017
Saskatchewan,4715,flaxseed,2024,7,47,28.16,23.08,33.24,31.81,11.74,22.43,0.35,0.8,2.57,52.89289856,-105.586998
Saskatchewan,4709,flaxseed,2024,7,47,18.13,13.38,22.87,-8.28,2.32,-10.24,0.13,0.41,3.05,51.7173996,-102.4309998
Saskatchewan,4714,flaxseed,2024,7,47,24.77,19.14,30.41,20.83,6.69,12.1,0.27,0.61,3.01,53.01649857,-103.3099976
Manitoba,4601,flaxseed,2024,8,46,22.19,18.16,26.23,9.09,7.73,16.19,0.71,0.35,3.16,49.27149963,-100.3990021
Manitoba,4602,flaxseed,2024,8,46,25.04,21.48,28.6,15.26,7.1,-4.79,0.72,0.56,2.48,49.79869843,-100.2649994
Manitoba,4603,flaxseed,2024,8,46,26.72,23.31,30.13,20.54,-0.17,,-0.02,0.7,2.32,50.34700012,-100.387001
Manitoba,4604,flaxseed,2024,8,46,23.08,18.92,27.25,6.49,,,,0.55,3.03,51.0135994,-101.1809998
Manitoba,4605,flaxseed,2024,8,46,27.71,23.17,32.25,39,,,,0.62,3.5,52.08010101,-101.052002
Manitoba,4606,flaxseed,2024,8,46,18.01,12.86,23.16,-9.2,,,,0.41,3.92,51.12139893,-99.88110352
Manitoba,4607,flaxseed,2024,8,46,25.94,20.28,31.59,15.57,-3.2,,-0.08,0.66,4,49.98550034,-98.45970154
Manitoba,4608,flaxseed,2024,8,46,31.33,26.9,35.76,34.82,4.43,10.32,0.14,0.75,3.36,49.27899933,-98.30419922
Manitoba,4609,flaxseed,2024,8,46,24.9,20.31,29.47,22.75,-10.06,-21.96,-0.34,0.76,3.29,49.63000107,-96.80410004
Manitoba,4610,flaxseed,2024,8,46,16.59,11.89,21.28,-10.51,,,,0.64,3.53,49.73680115,-95.84950256
Manitoba,4611,flaxseed,2024,8,46,16.39,10.67,22.1,-15.14,-15.41,,-0.26,0.41,4.7,50.22650146,-97.2460022
Manitoba,4612,flaxseed,2024,8,46,18.92,15.34,22.5,-3.24,,,,0.74,2.73,55.729599,-97.167099
Alberta,4810,flaxseed,2024,8,48,16.94,10.44,23.44,-29.38,-21.5,-28.22,-0.58,0.39,5.9,50.66460037,-110.9089966
Alberta,4820,flaxseed,2024,8,48,26.81,22.93,30.7,-3.97,4.56,78.73,0.13,0.75,2.73,50.52590179,-112.5500031
Alberta,4830,flaxseed,2024,8,48,25.31,19.22,31.4,12.96,,,,0.79,3.94,51.08769989,-115.1790009
Alberta,4840,flaxseed,2024,8,48,25.24,19.92,30.54,9.7,-14.01,,-0.43,0.84,2.86,52.48089981,-111.4990005
Alberta,4841,flaxseed,2024,8,48,24.58,19.77,29.38,0.96,-3.87,,-0.11,0.61,3.4,53.36869812,-111.6920013
Alberta,4850,flaxseed,2024,8,48,26.17,19.83,32.52,15.81,,,,0.59,4.77,52.69950104,-114.6679993
Alberta,4860,flaxseed,2024,8,48,19.62,12.88,26.37,-12.29,,,,0.8,3.17,56.47129822,-112.810997
Alberta,4870,flaxseed,2024,8,48,21.99,17.34,26.64,2.47,,,,0.57,3.54,56.94729996,-116.8280029
Saskatchewan,4704,flaxseed,2024,8,47,18.24,12.45,24.04,4.78,28.18,180.69,0.53,0.71,3.45,49.53290176,-108.7890015
Saskatchewan,4708,flaxseed,2024,8,47,17.99,10.38,25.59,-3.41,15.48,,0.44,0.34,5.99,50.71530151,-108.8300018
Saskatchewan,4703,flaxseed,2024,8,47,14.38,10.89,17.88,-15.54,-0.44,39.58,-0.01,0.76,2.23,49.54230118,-106.4049988
Saskatchewan,4707,flaxseed,2024,8,47,19.23,14.14,24.33,-1.97,8.2,,0.18,0.71,2.37,50.59840012,-106.6139984
Saskatchewan,4702,flaxseed,2024,8,47,16.47,13.89,19.06,-6.81,-15.08,14.4,-0.63,0.8,1.8,49.52310181,-104.2490005
Saskatchewan,4706,flaxseed,2024,8,47,23.91,20.32,27.5,16.82,13,17.21,0.5,0.61,2.6,50.59830093,-104.3659973
Saskatchewan,4701,flaxseed,2024,8,47,20.7,17.41,23.99,9.85,-7.16,14.38,-0.33,0.66,2.4,49.52339935,-102.3099976
Saskatchewan,4705,flaxseed,2024,8,47,22.48,18.62,26.34,11.16,3.5,12.97,0.16,0.46,3.05,50.58200073,-102.3919983
Saskatchewan,4713,flaxseed,2024,8,47,23.95,15.08,32.83,12.15,-3.17,-1.42,-0.1,0.2,7.82,52.15140152,-109.262001
Saskatchewan,4717,flaxseed,2024,8,47,24.65,17.33,31.97,4.61,,,,0.71,5.37,53.79119873,-108.9599991
Saskatchewan,4712,flaxseed,2024,8,47,23.58,19.55,27.62,14.78,9.28,5.28,0.28,0.6,3.92,51.94589996,-107.7990036
Saskatchewan,4711,flaxseed,2024,8,47,20.23,16.62,23.85,1.9,7.85,-3.66,0.29,0.68,2.72,51.67309952,-106.0029984
Saskatchewan,4716,flaxseed,2024,8,47,22.5,17.42,27.59,8.1,15.38,,0.3,0.66,3.82,56.79359818,-105.9339981
Saskatchewan,4710,flaxseed,2024,8,47,28.58,24.87,32.29,35.67,4.01,15.23,0.34,0.67,2.63,51.6393013,-104.1080017
Saskatchewan,4715,flaxseed,2024,8,47,26.7,22.79,30.61,25,5.96,16.1,0.18,0.76,2.91,52.89289856,-105.586998
Saskatchewan,4709,flaxseed,2024,8,47,16.88,12.59,21.17,-14.62,-4.75,-16.45,-0.26,0.41,3.05,51.7173996,-102.4309998
Saskatchewan,4714,flaxseed,2024,8,47,23.67,19.6,27.75,15.47,1.96,7.12,0.08,0.61,3.01,53.01649857,-103.3099976
Manitoba,4601,flaxseed,2024,9,46,23.47,19.56,27.38,15.39,13.95,22.9,1.28,0.35,3.16,49.27149963,-100.3990021
Manitoba,4602,flaxseed,2024,9,46,24.98,21.41,28.55,14.99,6.84,-5.02,0.69,0.52,2.6,49.79869843,-100.2649994
Manitoba,4603,flaxseed,2024,9,46,27.09,23.52,30.66,22.19,1.2,,0.12,0.66,2.37,50.34700012,-100.387001
Manitoba,4604,flaxseed,2024,9,46,23.09,19.47,26.72,6.55,,,,0.55,3.03,51.0135994,-101.1809998
Manitoba,4605,flaxseed,2024,9,46,26.7,23.12,30.3,33.98,,,,0.67,3.22,52.08010101,-101.052002
Manitoba,4606,flaxseed,2024,9,46,18.22,13.61,22.83,-8.16,,,,0.41,3.92,51.12139893,-99.88110352
Manitoba,4607,flaxseed,2024,9,46,27.17,21.92,32.42,21.03,1.37,,0.03,0.61,4.26,49.98550034,-98.45970154
Manitoba,4608,flaxseed,2024,9,46,31.58,27.63,35.53,35.91,5.28,11.21,0.16,0.79,3.05,49.27899933,-98.30419922
Manitoba,4609,flaxseed,2024,9,46,25.49,21.2,29.78,25.7,-7.9,-20.08,-0.27,0.72,3.48,49.63000107,-96.80410004
Manitoba,4610,flaxseed,2024,9,46,17.58,12.27,22.89,-5.16,,,,0.64,3.53,49.73680115,-95.84950256
Manitoba,4611,flaxseed,2024,9,46,19.5,13.77,25.24,0.97,0.66,,0.01,0.46,4.46,50.22650146,-97.2460022
Manitoba,4612,flaxseed,2024,9,46,20.73,16.61,24.85,5.98,,,,0.68,3.05,55.729599,-97.167099
Alberta,4810,flaxseed,2024,9,48,16.56,9.3,23.83,-30.95,-23.24,-29.81,-0.63,0.4,5.84,50.66460037,-110.9089966
Alberta,4820,flaxseed,2024,9,48,28.67,24.74,32.6,2.69,11.82,91.13,0.34,0.72,2.9,50.52590179,-112.5500031
Alberta,4830,flaxseed,2024,9,48,25.09,19.21,30.97,11.99,,,,0.77,4.08,51.08769989,-115.1790009
Alberta,4840,flaxseed,2024,9,48,28.18,24.2,32.15,22.5,-3.98,,-0.12,0.83,2.96,52.48089981,-111.4990005
Alberta,4841,flaxseed,2024,9,48,25.18,20.81,29.56,3.45,-1.5,,-0.04,0.59,3.49,53.36869812,-111.6920013
Alberta,4850,flaxseed,2024,9,48,27.3,21.35,33.24,20.77,,,,0.59,4.77,52.69950104,-114.6679993
Alberta,4860,flaxseed,2024,9,48,19.5,13.63,25.37,-12.84,,,,0.8,3.17,56.47129822,-112.810997
Alberta,4870,flaxseed,2024,9,48,22.05,17.66,26.44,2.76,,,,0.58,3.53,56.94729996,-116.8280029
Saskatchewan,4704,flaxseed,2024,9,47,15.75,11.7,19.81,-11.61,10.69,142.37,0.2,0.7,3.64,49.53290176,-108.7890015
Saskatchewan,4708,flaxseed,2024,9,47,19.45,13.75,25.15,4.48,24.9,,0.71,0.34,5.98,50.71530151,-108.8300018
Saskatchewan,4703,flaxseed,2024,9,47,14.46,11.6,17.32,-15.06,0.12,40.37,0,0.78,2.11,49.54230118,-106.4049988
Saskatchewan,4707,flaxseed,2024,9,47,18.47,15.79,21.15,-5.85,3.92,,0.09,0.7,2.41,50.59840012,-106.6139984
Saskatchewan,4702,flaxseed,2024,9,47,17.37,15.2,19.54,-5.27,-10.48,20.61,-0.44,0.81,1.7,49.52310181,-104.2490005
Saskatchewan,4706,flaxseed,2024,9,47,23.58,20.12,27.05,15.2,11.43,15.59,0.44,0.6,2.67,50.59830093,-104.3659973
Saskatchewan,4701,flaxseed,2024,9,47,20.87,17.58,24.18,10.75,-6.4,15.32,-0.3,0.66,2.4,49.52339935,-102.3099976
Saskatchewan,4705,flaxseed,2024,9,47,22.36,18.33,26.4,10.58,2.97,12.38,0.14,0.46,3.05,50.58200073,-102.3919983
Saskatchewan,4713,flaxseed,2024,9,47,23.07,14.39,31.75,8.01,-6.75,-5.06,-0.21,0.2,7.82,52.15140152,-109.262001
Saskatchewan,4717,flaxseed,2024,9,47,26.41,18.88,33.94,12.06,,,,0.63,6.2,53.79119873,-108.9599991
Saskatchewan,4712,flaxseed,2024,9,47,25.48,21.36,29.59,24,18.05,13.73,0.54,0.57,4.08,51.94589996,-107.7990036
Saskatchewan,4711,flaxseed,2024,9,47,20.3,16.84,23.75,2.24,8.21,-3.34,0.3,0.68,2.72,51.67309952,-106.0029984
Saskatchewan,4716,flaxseed,2024,9,47,22.33,17.83,26.82,7.27,14.5,,0.28,0.66,3.82,56.79359818,-105.9339981
Saskatchewan,4710,flaxseed,2024,9,47,28.6,24.96,32.24,35.8,4.11,15.34,0.35,0.67,2.63,51.6393013,-104.1080017
Saskatchewan,4715,flaxseed,2024,9,47,27.73,23.81,31.65,29.8,10.03,20.56,0.3,0.72,3.13,52.89289856,-105.586998
Saskatchewan,4709,flaxseed,2024,9,47,17.35,13.58,21.12,-12.22,-2.08,-14.1,-0.11,0.41,3.05,51.7173996,-102.4309998
Saskatchewan,4714,flaxseed,2024,9,47,23.44,19.54,27.34,14.32,0.94,6.06,0.04,0.61,3.01,53.01649857,-103.3099976
Alberta,4810,lentils,2024,7,48,1615.61,1168.88,2062.34,36.81,49.1,137.94,1.24,0.83,225.29,50.66460037,-110.9089966
Alberta,4820,lentils,2024,7,48,1791.08,1275.99,2306.17,38.43,41.59,135.36,0.88,0.57,360.52,50.52590179,-112.5500031
Alberta,4830,lentils,2024,7,48,1844.25,1386.87,2301.63,26.84,4.37,,0.17,0.89,149.22,51.08769989,-115.1790009
Alberta,4840,lentils,2024,7,48,2006.02,1652,2360.04,97.67,,,,0.87,179.38,52.48089981,-111.4990005
Alberta,4841,lentils,2024,7,48,791.59,450.08,1133.1,4.66,,,,0.87,82.79,53.36869812,-111.6920013
Alberta,4850,lentils,2024,7,48,1488.62,1141.45,1835.8,-1.96,,,,0.59,97.36,52.69950104,-114.6679993
Saskatchewan,4704,lentils,2024,7,47,1240.24,851.72,1628.75,10.81,23.38,104.32,0.53,0.81,157.62,49.53290176,-108.7890015
Saskatchewan,4708,lentils,2024,7,47,1262.18,922.23,1602.12,7.4,26.72,72.9,0.92,0.66,185.05,50.71530151,-108.8300018
Saskatchewan,4703,lentils,2024,7,47,1080.53,723.18,1437.87,-3.9,3.58,20.19,0.11,0.71,163.5,49.54230118,-106.4049988
Saskatchewan,4707,lentils,2024,7,47,1399.07,1101.2,1696.94,15.73,17.73,38.66,0.64,0.67,152.16,50.59840012,-106.6139984
Saskatchewan,4702,lentils,2024,7,47,1480.15,1230.7,1729.58,31.69,8.87,17.47,1.01,0.75,130.9,49.52310181,-104.2490005
Saskatchewan,4706,lentils,2024,7,47,1631.85,1337.6,1926.11,25.2,0.4,0.73,0.03,0.67,160.96,50.59830093,-104.3659973
Saskatchewan,4701,lentils,2024,7,47,1668,1387.83,1948.17,36.52,-0.48,,-0.02,0.85,139.35,49.52339935,-102.3099976
Saskatchewan,4705,lentils,2024,7,47,1788.49,1472.31,2104.68,42.56,-5.56,,-0.35,0.74,186.16,50.58200073,-102.3919983
Saskatchewan,4713,lentils,2024,7,47,1571.03,1193.66,1948.4,32.01,18.68,19.02,0.99,0.52,254.81,52.15140152,-109.262001
Saskatchewan,4717,lentils,2024,7,47,1832.96,1453.88,2212.04,57.3,,,,0.59,279.16,53.79119873,-108.9599991
Saskatchewan,4712,lentils,2024,7,47,1588.31,1254.8,1921.81,36.19,29.11,32.8,0.95,0.75,172.99,51.94589996,-107.7990036
Saskatchewan,4711,lentils,2024,7,47,1518.07,1188.79,1847.37,31.15,23.76,15.01,1.08,0.62,191.49,51.67309952,-106.0029984
Saskatchewan,4716,lentils,2024,7,47,1345.14,995.83,1694.43,23.66,26.64,13.51,1.06,0.53,251.3,56.79359818,-105.9339981
Saskatchewan,4710,lentils,2024,7,47,1607.53,1293.37,1921.69,37.25,13.34,,0.61,0.65,181.25,51.6393013,-104.1080017
Saskatchewan,4715,lentils,2024,7,47,1759.09,1402.53,2115.66,50.83,19.99,-8.24,0.47,0.6,263.86,52.89289856,-105.586998
Saskatchewan,4709,lentils,2024,7,47,1276.4,989.04,1563.76,16.06,,,,0.35,235.75,51.7173996,-102.4309998
Saskatchewan,4714,lentils,2024,7,47,1761.85,1378.77,2144.93,55.44,,30.51,,0.66,241.87,53.01649857,-103.3099976
Alberta,4810,lentils,2024,8,48,1580.51,1206.48,1954.54,33.84,45.86,132.77,1.16,0.81,233.31,50.66460037,-110.9089966
Alberta,4820,lentils,2024,8,48,1954.94,1601.15,2308.72,51.1,54.54,156.89,1.15,0.64,320.54,50.52590179,-112.5500031
Alberta,4830,lentils,2024,8,48,1736.01,1347.83,2124.19,19.4,-1.75,,-0.07,0.85,191.37,51.08769989,-115.1790009
Alberta,4840,lentils,2024,8,48,1983.82,1562,2405.65,95.48,,,,0.87,179.38,52.48089981,-111.4990005
Alberta,4841,lentils,2024,8,48,643.16,393.81,892.52,-14.97,,,,0.87,82.79,53.36869812,-111.6920013
Alberta,4850,lentils,2024,8,48,1500.19,1156.3,1844.07,-1.2,,,,0.59,97.36,52.69950104,-114.6679993
Saskatchewan,4704,lentils,2024,8,47,1188.93,905.45,1472.41,6.22,18.28,95.87,0.42,0.81,157.75,49.53290176,-108.7890015
Saskatchewan,4708,lentils,2024,8,47,1182.4,903.92,1460.88,0.61,18.71,61.97,0.65,0.63,191.89,50.71530151,-108.8300018
Saskatchewan,4703,lentils,2024,8,47,990.07,709.07,1271.07,-11.94,-5.09,10.13,-0.15,0.73,160.29,49.54230118,-106.4049988
Saskatchewan,4707,lentils,2024,8,47,1329.68,1103.92,1555.45,9.99,11.89,31.78,0.43,0.68,149.74,50.59840012,-106.6139984
Saskatchewan,4702,lentils,2024,8,47,1306.95,1114.61,1499.29,16.28,-3.87,3.73,-0.44,0.75,130.9,49.52310181,-104.2490005
Saskatchewan,4706,lentils,2024,8,47,1693.04,1447.86,1938.24,29.9,4.16,4.51,0.31,0.67,161.14,50.59830093,-104.3659973
Saskatchewan,4701,lentils,2024,8,47,1547.49,1284.64,1810.32,34.47,-7.67,,-0.39,0.75,173.81,49.52339935,-102.3099976
Saskatchewan,4705,lentils,2024,8,47,1857.53,1640.98,2074.07,48.06,-1.91,,-0.12,0.75,178.43,50.58200073,-102.3919983
Saskatchewan,4713,lentils,2024,8,47,1516.7,1188.99,1844.41,27.45,14.57,14.9,0.77,0.54,244.59,52.15140152,-109.262001
Saskatchewan,4717,lentils,2024,8,47,1340.64,1036.53,1644.75,15.05,,,,0.59,279.16,53.79119873,-108.9599991
Saskatchewan,4712,lentils,2024,8,47,1485.99,1199.91,1772.06,27.42,20.79,24.25,0.68,0.68,196.94,51.94589996,-107.7990036
Saskatchewan,4711,lentils,2024,8,47,1514.31,1293.68,1734.94,30.83,23.46,14.72,1.06,0.63,189,51.67309952,-106.0029984
Saskatchewan,4716,lentils,2024,8,47,1101.96,771.04,1432.88,1.3,3.74,-7.01,0.15,0.53,251.3,56.79359818,-105.9339981
Saskatchewan,4710,lentils,2024,8,47,1557.81,1282.85,1832.78,33.01,9.83,,0.45,0.65,181.19,51.6393013,-104.1080017
Saskatchewan,4715,lentils,2024,8,47,1575.76,1249.72,1901.79,35.11,7.49,-17.8,0.18,0.53,285.98,52.89289856,-105.586998
Saskatchewan,4709,lentils,2024,8,47,1230.75,966.93,1494.56,11.91,,,,0.33,241.95,51.7173996,-102.4309998
Saskatchewan,4714,lentils,2024,8,47,1753.88,1401.43,2106.33,54.74,,29.92,,0.66,241.87,53.01649857,-103.3099976
Alberta,4810,lentils,2024,9,48,1489.43,1159.24,1819.62,26.13,37.45,119.36,0.95,0.8,242.74,50.66460037,-110.9089966
Alberta,4820,lentils,2024,9,48,1917.47,1588.35,2246.58,48.2,51.58,151.97,1.09,0.67,311.22,50.52590179,-112.5500031
Alberta,4830,lentils,2024,9,48,1790.1,1576.16,2004.03,23.12,1.31,,0.05,0.89,147.21,51.08769989,-115.1790009
Alberta,4840,lentils,2024,9,48,1983.82,1562,2405.65,95.48,,,,0.87,179.38,52.48089981,-111.4990005
Alberta,4841,lentils,2024,9,48,687.52,417.97,957.07,-9.1,,,,0.87,82.79,53.36869812,-111.6920013
Alberta,4850,lentils,2024,9,48,1500.19,1156.3,1844.07,-1.2,,,,0.59,97.36,52.69950104,-114.6679993
Saskatchewan,4704,lentils,2024,9,47,1153.46,943.64,1363.28,3.05,14.75,90.03,0.34,0.81,157.62,49.53290176,-108.7890015
Saskatchewan,4708,lentils,2024,9,47,1174.11,952.7,1395.52,-0.09,17.88,60.84,0.62,0.66,185.05,50.71530151,-108.8300018
Saskatchewan,4703,lentils,2024,9,47,945.29,739.8,1150.79,-19.5,-9.39,5.15,-0.29,0.77,137.35,49.54230118,-106.4049988
Saskatchewan,4707,lentils,2024,9,47,1305.91,1106.75,1505.08,8.02,9.89,29.43,0.36,0.68,150.72,50.59840012,-106.6139984
Saskatchewan,4702,lentils,2024,9,47,1278.96,1071.73,1486.19,13.79,-5.93,1.5,-0.68,0.75,130.6,49.52310181,-104.2490005
Saskatchewan,4706,lentils,2024,9,47,1692.2,1459.67,1924.75,29.83,4.11,4.46,0.31,0.66,163.9,50.59830093,-104.3659973
Saskatchewan,4701,lentils,2024,9,47,1595.74,1349.82,1841.65,38.66,-4.79,,-0.25,0.77,164.07,49.52339935,-102.3099976
Saskatchewan,4705,lentils,2024,9,47,1837.05,1563.05,2111.06,46.43,-2.99,,-0.19,0.74,186.16,50.58200073,-102.3919983
Saskatchewan,4713,lentils,2024,9,47,1477.65,1178.09,1777.2,24.17,11.62,11.94,0.61,0.53,253.33,52.15140152,-109.262001
Saskatchewan,4717,lentils,2024,9,47,1359.74,1051.14,1668.35,16.69,,,,0.59,279.16,53.79119873,-108.9599991
Saskatchewan,4712,lentils,2024,9,47,1669.66,1448.05,1891.26,43.17,35.72,39.6,1.16,0.69,191.7,51.94589996,-107.7990036
Saskatchewan,4711,lentils,2024,9,47,1575.11,1355.53,1794.7,36.08,28.41,19.33,1.29,0.63,188.09,51.67309952,-106.0029984
Saskatchewan,4716,lentils,2024,9,47,1103.87,791.91,1415.82,1.48,3.92,-6.85,0.16,0.53,251.3,56.79359818,-105.9339981
Saskatchewan,4710,lentils,2024,9,47,1567.7,1296.27,1839.14,33.85,10.53,,0.48,0.63,186.93,51.6393013,-104.1080017
Saskatchewan,4715,lentils,2024,9,47,1539.58,1271.74,1807.43,32.01,5.02,-19.69,0.12,0.58,268.14,52.89289856,-105.586998
Saskatchewan,4709,lentils,2024,9,47,1192.72,889.34,1496.11,8.45,,,,0.33,241.66,51.7173996,-102.4309998
Saskatchewan,4714,lentils,2024,9,47,1770.84,1438.7,2102.99,56.23,,31.17,,0.67,234.38,53.01649857,-103.3099976
Manitoba,4600,mustard,2024,7,46,828.78,621.67,1035.87,-3.55,,,,0.36,149.83,54.92959976,-97.43240356
Saskatchewan,4701,mustard,2024,7,47,778.01,578.94,977.08,0.48,,-18.19,,0.53,107.75,49.52339935,-102.3099976
Saskatchewan,4702,mustard,2024,7,47,792.88,587.73,998.03,4.22,-5.2,-13.16,-0.25,0.63,106.65,49.52310181,-104.2490005
Saskatchewan,4703,mustard,2024,7,47,711.72,481.35,942.08,-4.11,9.97,-8.64,0.28,0.6,113.03,49.54230118,-106.4049988
Saskatchewan,4704,mustard,2024,7,47,795.2,534.51,1055.9,2.65,23.63,75.54,0.5,0.7,124.88,49.53290176,-108.7890015
Saskatchewan,4705,mustard,2024,7,47,776.13,540.35,1011.92,2.82,,3.76,,0.53,124.81,50.58200073,-102.3919983
Saskatchewan,4706,mustard,2024,7,47,875.94,685.96,1065.92,3.68,12.69,,0.85,0.46,114.8,50.59830093,-104.3659973
Saskatchewan,4707,mustard,2024,7,47,879.24,627.15,1131.33,8.5,10.81,-5.05,0.26,0.69,108.85,50.59840012,-106.6139984
Saskatchewan,4708,mustard,2024,7,47,844.33,604.79,1083.87,5.68,31.35,58.41,1.29,0.55,138.12,50.71530151,-108.8300018
Saskatchewan,4709,mustard,2024,7,47,738.96,523.3,954.63,-3.24,,,,0.31,145.33,51.7173996,-102.4309998
Saskatchewan,4710,mustard,2024,7,47,824.8,625.46,1024.15,2.31,,,,0.51,130.48,51.6393013,-104.1080017
Saskatchewan,4711,mustard,2024,7,47,868.81,655.74,1081.88,6.44,20.17,21,0.66,0.59,113.43,51.67309952,-106.0029984
Saskatchewan,4712,mustard,2024,7,47,908.97,682.16,1135.79,8.71,,53.28,,0.73,104.54,51.94589996,-107.7990036
Saskatchewan,4713,mustard,2024,7,47,1057.13,817.03,1297.25,18.12,7.76,0.11,0.87,0.57,131.27,52.15140152,-109.262001
Saskatchewan,4714,mustard,2024,7,47,550.73,328.58,772.87,-26.91,,323.64,,0.56,140.21,53.01649857,-103.3099976
Saskatchewan,4715,mustard,2024,7,47,774.66,561.99,987.34,-8.22,,,,0.61,107.82,52.89289856,-105.586998
Saskatchewan,4716,mustard,2024,7,47,896.49,667.53,1125.45,17.81,26.62,-14.7,0.59,0.47,156.62,56.79359818,-105.9339981
Saskatchewan,4717,mustard,2024,7,47,865.21,610.3,1120.12,4.65,,,,0.7,132.98,53.79119873,-108.9599991
Alberta,4810,mustard,2024,7,48,859.04,592.78,1125.3,12.37,33.81,63.32,0.8,0.59,158.76,50.66460037,-110.9089966
Alberta,4820,mustard,2024,7,48,861.54,623.27,1099.81,-4.25,35.12,70.94,1.09,0.66,145.1,50.52590179,-112.5500031
Alberta,4830,mustard,2024,7,48,906.7,630.47,1182.93,1.31,19.38,66.98,0.73,0.32,257.43,51.08769989,-115.1790009
Manitoba,4600,mustard,2024,8,46,778.31,575.1,981.52,-9.43,,,,0.36,149.83,54.92959976,-97.43240356
Saskatchewan,4701,mustard,2024,8,47,717.62,563.01,872.25,-7.32,,-24.54,,0.49,112.85,49.52339935,-102.3099976
Saskatchewan,4702,mustard,2024,8,47,717.1,565.58,868.62,-5.75,-14.26,-21.46,-0.68,0.59,113.65,49.52310181,-104.2490005
Saskatchewan,4703,mustard,2024,8,47,613.91,466.93,760.9,-17.29,-5.14,-21.19,-0.15,0.63,111.53,49.54230118,-106.4049988
Saskatchewan,4704,mustard,2024,8,47,819.07,607.28,1030.86,5.73,27.34,80.81,0.58,0.69,126.72,49.53290176,-108.7890015
Saskatchewan,4705,mustard,2024,8,47,578.48,397.35,759.62,-23.36,,-22.66,,0.53,124.81,50.58200073,-102.3919983
Saskatchewan,4706,mustard,2024,8,47,751.78,594.16,909.41,-11.01,-3.29,,-0.22,0.43,117.92,50.59830093,-104.3659973
Saskatchewan,4707,mustard,2024,8,47,720.26,577.9,862.62,-11.12,-9.23,-22.22,-0.22,0.7,106.94,50.59840012,-106.6139984
Saskatchewan,4708,mustard,2024,8,47,750.88,578.74,923.03,-6.02,16.81,40.88,0.69,0.65,120.02,50.71530151,-108.8300018
Saskatchewan,4709,mustard,2024,8,47,608.98,429.82,788.14,-20.26,,,,0.22,158.25,51.7173996,-102.4309998
Saskatchewan,4710,mustard,2024,8,47,615.63,496.4,734.86,-23.64,,,,0.51,130.35,51.6393013,-104.1080017
Saskatchewan,4711,mustard,2024,8,47,757.07,615.73,898.41,-7.25,4.71,5.44,0.15,0.56,117.05,51.67309952,-106.0029984
Saskatchewan,4712,mustard,2024,8,47,665.33,485.8,844.85,-20.43,,12.2,,0.67,114.71,51.94589996,-107.7990036
Saskatchewan,4713,mustard,2024,8,47,822.04,657.23,986.86,-8.15,-16.2,-22.16,-1.82,0.58,130.21,52.15140152,-109.262001
Saskatchewan,4714,mustard,2024,8,47,483.11,299.87,666.36,-35.88,,271.63,,0.56,140.56,53.01649857,-103.3099976
Saskatchewan,4715,mustard,2024,8,47,685,542.53,827.46,-18.85,,,,0.6,109.56,52.89289856,-105.586998
Saskatchewan,4716,mustard,2024,8,47,796.76,589.25,1004.28,4.71,12.54,-24.19,0.28,0.42,164.46,56.79359818,-105.9339981
Saskatchewan,4717,mustard,2024,8,47,771.87,590.83,952.9,-6.64,,,,0.7,132.98,53.79119873,-108.9599991
Alberta,4810,mustard,2024,8,48,803.32,617.24,989.41,5.08,25.13,52.72,0.6,0.5,179.32,50.66460037,-110.9089966
Alberta,4820,mustard,2024,8,48,837.52,648.53,1026.52,-6.92,31.36,66.17,0.98,0.75,116.87,50.52590179,-112.5500031
Alberta,4830,mustard,2024,8,48,738.66,464.23,1013.09,-17.46,-2.74,36.03,-0.1,0.37,252.39,51.08769989,-115.1790009
Manitoba,4600,mustard,2024,9,46,802.07,605.29,998.85,-6.66,,,,0.36,149.83,54.92959976,-97.43240356
Saskatchewan,4701,mustard,2024,9,47,709.95,537.39,882.51,-8.31,,-25.35,,0.46,116.47,49.52339935,-102.3099976
Saskatchewan,4702,mustard,2024,9,47,686.12,546.03,826.23,-9.82,-17.97,-24.85,-0.85,0.61,109.25,49.52310181,-104.2490005
Saskatchewan,4703,mustard,2024,9,47,665.39,532.7,798.07,-10.35,2.81,-14.58,0.08,0.71,95,49.54230118,-106.4049988
Saskatchewan,4704,mustard,2024,9,47,732.33,577.31,887.35,-5.46,13.86,61.66,0.29,0.67,128.99,49.53290176,-108.7890015
Saskatchewan,4705,mustard,2024,9,47,567.31,382.51,752.11,-24.84,,-24.16,,0.53,124.81,50.58200073,-102.3919983
Saskatchewan,4706,mustard,2024,9,47,728.29,549.05,907.53,-13.79,-6.31,,-0.42,0.42,118.38,50.59830093,-104.3659973
Saskatchewan,4707,mustard,2024,9,47,679.09,555.24,802.94,-16.2,-14.42,-26.66,-0.34,0.7,106.94,50.59840012,-106.6139984
Saskatchewan,4708,mustard,2024,9,47,697.55,546.23,848.86,-12.69,8.52,30.87,0.35,0.62,124.08,50.71530151,-108.8300018
Saskatchewan,4709,mustard,2024,9,47,620.08,467.23,772.92,-18.81,,,,0.22,158.25,51.7173996,-102.4309998
Saskatchewan,4710,mustard,2024,9,47,688.63,549.58,827.69,-14.58,,,,0.42,142.45,51.6393013,-104.1080017
Saskatchewan,4711,mustard,2024,9,47,783.23,652.12,914.33,-4.05,8.33,9.08,0.27,0.56,117.05,51.67309952,-106.0029984
Saskatchewan,4712,mustard,2024,9,47,690.96,529.8,852.13,-17.36,,16.52,,0.7,111.41,51.94589996,-107.7990036
Saskatchewan,4713,mustard,2024,9,47,864.82,703.54,1026.09,-3.37,-11.84,-18.1,-1.33,0.6,127.62,52.15140152,-109.262001
Saskatchewan,4714,mustard,2024,9,47,498.92,314.33,683.52,-33.78,,283.79,,0.57,137.31,53.01649857,-103.3099976
Saskatchewan,4715,mustard,2024,9,47,708.26,578.96,837.55,-16.09,,,,0.58,112.73,52.89289856,-105.586998
Saskatchewan,4716,mustard,2024,9,47,833.2,634.48,1031.92,9.5,17.68,-20.72,0.39,0.42,164.51,56.79359818,-105.9339981
Saskatchewan,4717,mustard,2024,9,47,741.84,546.2,937.48,-10.28,,,,0.7,132.98,53.79119873,-108.9599991
Alberta,4810,mustard,2024,9,48,790.38,618.76,962,3.39,23.11,50.26,0.55,0.49,181.9,50.66460037,-110.9089966
Alberta,4820,mustard,2024,9,48,856.89,721.01,992.78,-4.77,34.39,70.02,1.07,0.81,101.55,50.52590179,-112.5500031
Alberta,4830,mustard,2024,9,48,838.1,587.81,1088.39,-6.35,10.35,54.35,0.39,0.4,245.04,51.08769989,-115.1790009
British Columbia / Colombie-Britannique,5901,oats,2024,7,59,58.81,44.88,72.74,-5.5,-6.64,14.65,-0.28,0.42,9.31,53.85300064,-125.2580032
British Columbia / Colombie-Britannique,5908,oats,2024,7,59,85.24,70.94,99.53,18.99,11.13,19.88,0.57,0.8,6.62,57.69950104,-123.1610031
Alberta,4830,oats,2024,7,48,91.16,76.65,105.67,21.87,6.39,5.87,0.27,0.7,8.69,51.08769989,-115.1790009
Alberta,4850,oats,2024,7,48,94.94,81.87,108.01,16.43,-1.29,-3.22,-0.06,0.82,6.31,52.69950104,-114.6679993
Alberta,4870,oats,2024,7,48,79.98,69.17,90.8,6.94,6.24,21.36,0.38,0.73,4.93,56.94729996,-116.8280029
Alberta,4860,oats,2024,7,48,94.34,81.92,106.77,22.3,9.57,2.43,0.46,0.83,6.24,56.47129822,-112.810997
Alberta,4820,oats,2024,7,48,95.52,78.08,112.97,30.25,20.82,6.97,0.7,0.65,11.63,50.52590179,-112.5500031
Alberta,4810,oats,2024,7,48,67.89,54.79,80.99,43.81,27.04,46,0.95,0.75,7.9,50.66460037,-110.9089966
Alberta,4840,oats,2024,7,48,84.82,68.45,101.18,40.64,20.45,12.95,0.76,0.88,6.03,52.48089981,-111.4990005
Alberta,4841,oats,2024,7,48,106.12,90.52,121.73,42.71,9.02,1.65,0.43,0.87,7.17,53.36869812,-111.6920013
Saskatchewan,4704,oats,2024,7,47,47.01,30.66,63.37,-1.56,29.51,49.73,1.12,0.66,8.01,49.53290176,-108.7890015
Saskatchewan,4703,oats,2024,7,47,42.73,29.39,56.08,-5.04,8.9,50.47,0.33,0.6,7.32,49.54230118,-106.4049988
Saskatchewan,4702,oats,2024,7,47,53.46,38.72,68.21,9.37,11.61,18.01,0.69,0.6,7.14,49.52310181,-104.2490005
Saskatchewan,4701,oats,2024,7,47,80.86,69.68,92.06,36.24,3.38,15.35,0.31,0.84,5.2,49.52339935,-102.3099976
Saskatchewan,4708,oats,2024,7,47,50.51,34.9,66.11,-0.17,-2.57,81.03,-0.06,0.42,10.19,50.71530151,-108.8300018
Saskatchewan,4713,oats,2024,7,47,72.04,53.72,90.35,26.91,23.27,73.59,0.53,0.79,7.71,52.15140152,-109.262001
Saskatchewan,4707,oats,2024,7,47,56.3,43.91,68.68,10.98,35.15,90.21,0.8,0.64,6.94,50.59840012,-106.6139984
Saskatchewan,4712,oats,2024,7,47,91.29,77.67,104.9,48.76,18.74,-5.79,0.74,0.79,7.96,51.94589996,-107.7990036
Saskatchewan,4711,oats,2024,7,47,84.11,66.6,101.63,35.29,28.93,31.22,0.75,0.84,6.83,51.67309952,-106.0029984
Saskatchewan,4717,oats,2024,7,47,105.51,87.67,123.37,50.63,16.64,3.34,0.54,0.87,8.19,53.79119873,-108.9599991
Saskatchewan,4716,oats,2024,7,47,112.64,97.28,127.99,49.2,19.83,19.19,1.04,0.9,6.32,56.79359818,-105.9339981
Saskatchewan,4706,oats,2024,7,47,71.33,57.99,84.66,16.06,13.47,2.34,0.65,0.67,6.58,50.59830093,-104.3659973
Saskatchewan,4715,oats,2024,7,47,111.7,95.95,127.46,46.69,17.56,27.95,0.61,0.84,8.88,52.89289856,-105.586998
Saskatchewan,4710,oats,2024,7,47,94.11,81,107.23,34.33,11.77,8.17,0.54,0.8,7.12,51.6393013,-104.1080017
Saskatchewan,4705,oats,2024,7,47,86.07,74.91,97.23,32.47,6.94,3.57,0.35,0.8,6.04,50.58200073,-102.3919983
Saskatchewan,4714,oats,2024,7,47,117.04,97.68,136.39,45.51,15.11,16.57,0.65,0.9,6.61,53.01649857,-103.3099976
Saskatchewan,4709,oats,2024,7,47,99.84,85.13,114.55,38.56,12.33,-3.54,0.51,0.79,8.27,51.7173996,-102.4309998
Manitoba,4601,oats,2024,7,46,100.29,85.93,114.65,44.9,1.55,18.41,0.11,0.81,7.73,49.27149963,-100.3990021
Manitoba,4608,oats,2024,7,46,124.49,105.85,143.14,42.11,13.42,33.15,0.57,0.83,9.57,49.27899933,-98.30419922
Manitoba,4609,oats,2024,7,46,119.09,100.91,137.28,44.94,7.25,9.66,0.45,0.69,13.4,49.63000107,-96.80410004
Manitoba,4604,oats,2024,7,46,106.21,93.44,118.99,42.83,4.62,14.08,0.33,0.78,8.42,51.0135994,-101.1809998
Manitoba,4602,oats,2024,7,46,92,79.32,104.69,35.09,4.24,17.5,0.38,0.81,6.14,49.79869843,-100.2649994
Manitoba,4603,oats,2024,7,46,103.06,89,117.13,36.58,-1.2,-5.62,-0.24,0.72,9.69,50.34700012,-100.387001
Manitoba,4606,oats,2024,7,46,81.69,67.4,95.98,24.05,3.01,37.06,0.1,0.6,8.91,51.12139893,-99.88110352
Manitoba,4605,oats,2024,7,46,91.62,81.9,101.34,36.24,8.55,7.03,0.8,0.73,5.93,52.08010101,-101.052002
Manitoba,4607,oats,2024,7,46,110.34,91.77,128.91,34.25,9.9,21.52,0.42,0.71,12.23,49.98550034,-98.45970154
Manitoba,4611,oats,2024,7,46,104.88,87.08,122.69,35.91,7.72,-3.34,0.36,0.77,9.48,50.22650146,-97.2460022
Manitoba,4610,oats,2024,7,46,89.67,69.92,109.42,45.57,5.84,-6.1,0.24,0.61,13.11,49.73680115,-95.84950256
Manitoba,4612,oats,2024,7,46,93.63,79.34,107.93,34.13,3.85,-9.53,0.15,0.78,7.77,55.729599,-97.167099
Ontario,3505,oats,2024,7,35,91.7,81.34,102.05,26.58,1.44,5.89,0.11,0.74,6.82,51.1882019,-86.91320038
Ontario,3501,oats,2024,7,35,69.68,57.23,82.14,11.45,-1.33,,-0.05,0.46,8.18,42.83430099,-81.15840149
Ontario,3502,oats,2024,7,35,93.63,84.97,102.3,26.43,-2.2,-11.08,-0.28,0.77,5.29,44.06389999,-80.59929657
Ontario,3503,oats,2024,7,35,58.66,46.73,70.58,-3.57,10.55,11.09,0.46,0.25,8.97,44.89519882,-78.82150269
Ontario,3504,oats,2024,7,35,61.3,51.17,71.43,3.25,-2.79,-13.17,-0.11,0.13,7.31,45.12820053,-76.3615036
Quebec,2409,oats,2024,7,24,69.09,55.88,82.3,0.03,-0.93,21.42,-0.07,0.76,3.73,45.51089859,-72.90090179
Quebec,2406,oats,2024,7,24,57.67,45.69,69.66,3.12,-1.14,2.62,-0.07,0.62,5.47,46.56259918,-75.8506012
Quebec,2405,oats,2024,7,24,72.95,62.89,83,5.94,-0.08,6.02,0,0.6,6.57,46.57379913,-73.90589905
Quebec,2411,oats,2024,7,24,80.83,69.44,92.23,17.68,9.38,34.28,0.45,0.64,6.32,46.09189987,-72.14859772
Quebec,2404,oats,2024,7,24,70.01,57.63,82.38,21.28,6.62,33.6,0.29,0.88,3.84,45.46530151,-71.58560181
Quebec,2403,oats,2024,7,24,78.17,62.7,93.64,11.6,14.92,36.66,0.6,0.31,15.35,47.63639832,-72.93379974
Quebec,2408,oats,2024,7,24,78.13,67.93,88.33,20.95,9.58,30.22,0.62,0.59,6.23,46.48519897,-70.73770142
Quebec,2407,oats,2024,7,24,73.11,61.52,84.7,12.64,4.26,-5.42,0.49,0.46,6.99,55.49300003,-73.29139709
New Brunswick / Nouveau-Brunswick,1300,oats,2024,7,13,74.08,62.5,85.65,5.91,-5.97,5.68,-0.46,0.33,7.39,46.61719894,-66.37850189
Quebec,2401,oats,2024,7,24,67.64,57.27,78.01,7.97,-1.12,2.64,-0.1,0.42,6.08,48.36399841,-66.91259766
Nova Scotia / Nouvelle-Écosse,1200,oats,2024,7,12,62.68,54.14,71.23,-0.25,-5.51,-9.55,-0.48,0.35,5.95,45.14590073,-63.33179855
Prince Edward Island / Île-du-Prince-Édouard,1100,oats,2024,7,11,68.8,59.59,78.02,2.05,0.94,17.61,0.1,0.14,7.14,46.39030075,-63.2458992
Quebec,2402,oats,2024,7,24,67.34,58.12,76.55,3.61,6.96,16.91,0.57,0.37,6.03,51.06119919,-67.41169739
British Columbia / Colombie-Britannique,5901,oats,2024,8,59,53.7,39.3,68.1,-13.7,-14.8,4.7,-0.6,0.4,9.8,53.85300064,-125.2580032
British Columbia / Colombie-Britannique,5908,oats,2024,8,59,68.9,61.7,76,-3.9,-10.2,-3.2,-0.5,0.8,6.5,57.69950104,-123.1610031
Alberta,4830,oats,2024,8,48,74.5,65.7,83.3,-0.4,-13.1,-13.5,-0.6,0.7,8,51.08769989,-115.1790009
Alberta,4850,oats,2024,8,48,70.3,62.9,77.8,-13.7,-26.9,-28.3,-1.3,0.8,6.8,52.69950104,-114.6679993
Alberta,4870,oats,2024,8,48,77,67.3,86.7,3,2.3,16.9,0.1,0.7,5.5,56.94729996,-116.8280029
Alberta,4860,oats,2024,8,48,77.3,67.8,86.8,0.2,-10.3,-16.1,-0.5,0.8,7.1,56.47129822,-112.810997
Alberta,4820,oats,2024,8,48,73.8,59.5,88.1,0.6,-6.7,-17.4,-0.2,0.7,10.8,50.52590179,-112.5500031
Alberta,4810,oats,2024,8,48,53.9,43.3,64.5,14.3,0.9,16,0,0.8,7.9,50.66460037,-110.9089966
Alberta,4840,oats,2024,8,48,55.4,46.1,64.8,-8.1,-21.3,-26.2,-0.8,0.9,6.6,52.48089981,-111.4990005
Alberta,4841,oats,2024,8,48,83.1,73.4,92.8,11.8,-14.6,-20.4,-0.7,0.9,7.1,53.36869812,-111.6920013
Saskatchewan,4704,oats,2024,8,47,45.7,33.7,57.6,-4.4,25.8,45.4,1,0.6,8.4,49.53290176,-108.7890015
Saskatchewan,4703,oats,2024,8,47,37.8,26.8,48.8,-16,-3.7,33.1,-0.1,0.6,7.5,49.54230118,-106.4049988
Saskatchewan,4702,oats,2024,8,47,44.3,34.6,53.9,-9.4,-7.6,-2.3,-0.5,0.6,7.2,49.52310181,-104.2490005
Saskatchewan,4701,oats,2024,8,47,82.5,74.9,90.1,39,5.5,17.7,0.5,0.9,5,49.52339935,-102.3099976
Saskatchewan,4708,oats,2024,8,47,49.5,35.5,63.5,-2.1,-4.5,77.5,-0.1,0.4,10.2,50.71530151,-108.8300018
Saskatchewan,4713,oats,2024,8,47,64.1,49.7,78.7,13,9.8,54.6,0.2,0.8,8.2,52.15140152,-109.262001
Saskatchewan,4707,oats,2024,8,47,52.7,44,61.5,3.9,26.5,78.1,0.6,0.7,6.1,50.59840012,-106.6139984
Saskatchewan,4712,oats,2024,8,47,76.3,66.3,86.4,24.4,-0.7,-21.2,0,0.8,7.7,51.94589996,-107.7990036
Saskatchewan,4711,oats,2024,8,47,75.7,64.1,87.4,21.8,16.1,18.1,0.4,0.8,7.8,51.67309952,-106.0029984
Saskatchewan,4717,oats,2024,8,47,81.9,70.2,93.7,16.9,-9.5,-19.8,-0.3,0.8,9.9,53.79119873,-108.9599991
Saskatchewan,4716,oats,2024,8,47,99.2,89.4,109,31.4,5.5,5,0.3,0.9,6.4,56.79359818,-105.9339981
Saskatchewan,4706,oats,2024,8,47,69.4,59,79.8,12.9,10.4,-0.5,0.5,0.7,6.5,50.59830093,-104.3659973
Saskatchewan,4715,oats,2024,8,47,105,91.5,118.5,37.9,10.5,20.3,0.4,0.8,9,52.89289856,-105.586998
Saskatchewan,4710,oats,2024,8,47,85.9,77.2,94.6,22.6,2,-1.3,0.1,0.8,6.7,51.6393013,-104.1080017
Saskatchewan,4705,oats,2024,8,47,85.6,75.6,95.6,31.7,6.3,3,0.3,0.8,6.2,50.58200073,-102.3919983
Saskatchewan,4714,oats,2024,8,47,108.1,98.3,118,34.4,6.3,7.7,0.3,0.9,6.8,53.01649857,-103.3099976
Saskatchewan,4709,oats,2024,8,47,91.3,80.3,102.2,26.7,2.7,-11.8,0.1,0.8,8.3,51.7173996,-102.4309998
Manitoba,4601,oats,2024,8,46,100,90.9,109.1,44.5,1.3,18.1,0.1,0.8,7.3,49.27149963,-100.3990021
Manitoba,4608,oats,2024,8,46,127.9,116.1,139.6,46,16.5,36.8,0.7,0.9,8.9,49.27899933,-98.30419922
Manitoba,4609,oats,2024,8,46,108.1,94.2,121.9,31.5,-2.7,-0.5,-0.2,0.8,11.8,49.63000107,-96.80410004
Manitoba,4604,oats,2024,8,46,102.1,90.9,113.3,37.3,0.6,9.7,0,0.8,8.4,51.0135994,-101.1809998
Manitoba,4602,oats,2024,8,46,91.2,81.1,101.3,33.9,3.4,16.5,0.3,0.8,6.5,49.79869843,-100.2649994
Manitoba,4603,oats,2024,8,46,101.2,91.7,110.8,34.1,-3,-7.3,-0.6,0.8,8.2,50.34700012,-100.387001
Manitoba,4606,oats,2024,8,46,69.1,56.5,81.8,5,-12.8,16,-0.4,0.5,9.8,51.12139893,-99.88110352
Manitoba,4605,oats,2024,8,46,88.6,79.9,97.4,31.8,5,3.5,0.5,0.7,6,52.08010101,-101.052002
Manitoba,4607,oats,2024,8,46,101.8,87.3,116.3,23.8,1.4,12.1,0.1,0.7,11.4,49.98550034,-98.45970154
Manitoba,4611,oats,2024,8,46,100.8,90.8,110.7,30.6,3.5,-7.1,0.2,0.8,8.5,50.22650146,-97.2460022
Manitoba,4610,oats,2024,8,46,94.3,75.9,112.8,53.1,11.3,-1.2,0.5,0.6,13.3,49.73680115,-95.84950256
Manitoba,4612,oats,2024,8,46,90.7,78.2,103.3,29.9,0.6,-12.4,0,0.8,7.9,55.729599,-97.167099
Ontario,3505,oats,2024,8,35,94.2,84.4,103.9,30,4.2,8.8,0.3,0.8,6.7,51.1882019,-86.91320038
Ontario,3501,oats,2024,8,35,68.4,56.4,80.4,9.4,-3.1,,-0.1,0.5,8.2,42.83430099,-81.15840149
Ontario,3502,oats,2024,8,35,97.4,89.5,105.4,31.6,1.8,-7.5,0.2,0.7,5.6,44.06389999,-80.59929657
Ontario,3503,oats,2024,8,35,64.9,54,75.8,6.7,22.3,22.9,1,0.3,9.4,44.89519882,-78.82150269
Ontario,3504,oats,2024,8,35,62.2,52.6,71.8,4.7,-1.4,-11.9,-0.1,0.1,7.3,45.12820053,-76.3615036
Quebec,2409,oats,2024,8,24,67.6,54.7,80.4,-2.2,-3.1,18.7,-0.2,0.8,3.7,45.51089859,-72.90090179
Quebec,2406,oats,2024,8,24,57,44.8,69.3,2,-2.3,1.5,-0.1,0.6,5.5,46.56259918,-75.8506012
Quebec,2405,oats,2024,8,24,70.5,58.8,82.1,2.3,-3.5,2.4,-0.2,0.5,7,46.57379913,-73.90589905
Quebec,2411,oats,2024,8,24,73.8,63.6,83.9,7.4,-0.2,22.5,0,0.6,7,46.09189987,-72.14859772
Quebec,2404,oats,2024,8,24,69.2,58.8,79.6,19.8,5.3,32,0.2,0.8,4.5,45.46530151,-71.58560181
Quebec,2403,oats,2024,8,24,75,59.3,90.8,7.1,10.3,31.2,0.4,0.3,15.4,47.63639832,-72.93379974
Quebec,2408,oats,2024,8,24,71.5,65.3,77.7,10.6,0.2,19.1,0,0.6,6.2,46.48519897,-70.73770142
Quebec,2407,oats,2024,8,24,66.7,58.9,74.5,2.8,-4.9,-13.7,-0.6,0.7,5.2,55.49300003,-73.29139709
New Brunswick / Nouveau-Brunswick,1300,oats,2024,8,13,71.4,61.5,81.4,6.9,-9.3,1.9,-0.7,0.4,7.1,46.61719894,-66.37850189
Quebec,2401,oats,2024,8,24,65.4,58.5,72.3,4.4,-4.4,-0.8,-0.4,0.4,6.1,48.36399841,-66.91259766
Nova Scotia / Nouvelle-Écosse,1200,oats,2024,8,12,64.4,55.7,73.1,2.5,-3,-7.1,-0.3,0.3,6.1,45.14590073,-63.33179855
Prince Edward Island / Île-du-Prince-Édouard,1100,oats,2024,8,11,65.2,56.8,73.5,-3.4,-4.4,11.4,-0.5,0.2,6.9,46.39030075,-63.2458992
Quebec,2402,oats,2024,8,24,67.9,59.3,76.5,4.4,7.8,17.9,0.6,0.4,6,51.06119919,-67.41169739
British Columbia / Colombie-Britannique,5901,oats,2024,9,59,55.62,42.28,68.96,-10.63,-11.71,8.43,-0.49,0.4,9.57,53.85300064,-125.2580032
British Columbia / Colombie-Britannique,5908,oats,2024,9,59,68.12,60.66,75.58,-4.91,-11.19,-4.2,-0.57,0.81,6.48,57.69950104,-123.1610031
Alberta,4830,oats,2024,9,48,83.01,71.64,94.37,10.97,-3.12,-3.59,-0.13,0.7,8.68,51.08769989,-115.1790009
Alberta,4850,oats,2024,9,48,78.38,71.32,85.45,-3.88,-18.51,-20.1,-0.91,0.83,6.18,52.69950104,-114.6679993
Alberta,4870,oats,2024,9,48,73.82,67.11,80.54,-1.29,-1.93,12.02,-0.12,0.67,5.54,56.94729996,-116.8280029
Alberta,4860,oats,2024,9,48,76.07,69.63,82.52,-1.38,-11.64,-17.4,-0.56,0.81,6.7,56.47129822,-112.810997
Alberta,4820,oats,2024,9,48,81.83,67,96.65,11.57,3.5,-8.37,0.12,0.65,11.63,50.52590179,-112.5500031
Alberta,4810,oats,2024,9,48,57.3,45.61,68.99,21.36,7.22,23.22,0.25,0.72,8.51,50.66460037,-110.9089966
Alberta,4840,oats,2024,9,48,60.81,53.97,67.64,0.82,-13.65,-19.03,-0.51,0.88,5.79,52.48089981,-111.4990005
Alberta,4841,oats,2024,9,48,93.62,83.88,103.36,25.89,-3.82,-10.33,-0.18,0.86,7.62,53.36869812,-111.6920013
Saskatchewan,4704,oats,2024,9,47,41.78,31.29,52.25,-12.52,15.09,33.05,0.57,0.67,7.93,49.53290176,-108.7890015
Saskatchewan,4703,oats,2024,9,47,39.41,30.56,48.26,-12.43,0.43,38.76,0.02,0.67,6.36,49.54230118,-106.4049988
Saskatchewan,4702,oats,2024,9,47,42.15,34.06,50.26,-13.76,-12,-6.94,-0.72,0.58,7.37,49.52310181,-104.2490005
Saskatchewan,4701,oats,2024,9,47,81.59,74.1,89.09,37.47,4.31,16.39,0.39,0.84,5.2,49.52339935,-102.3099976
Saskatchewan,4708,oats,2024,9,47,43.25,30.82,55.68,-14.52,-16.57,55.01,-0.4,0.42,10.19,50.71530151,-108.8300018
Saskatchewan,4713,oats,2024,9,47,64.18,53.21,75.15,13.06,9.82,54.65,0.22,0.8,7.64,52.15140152,-109.262001
Saskatchewan,4707,oats,2024,9,47,50.36,41.67,59.05,-0.74,20.88,70.13,0.47,0.69,6.4,50.59840012,-106.6139984
Saskatchewan,4712,oats,2024,9,47,82.25,70.88,93.61,34.02,6.98,-15.12,0.27,0.72,9.12,51.94589996,-107.7990036
Saskatchewan,4711,oats,2024,9,47,79.3,69.53,89.06,27.55,21.55,23.71,0.56,0.84,6.76,51.67309952,-106.0029984
Saskatchewan,4717,oats,2024,9,47,90.35,79.31,101.38,28.98,-0.12,-11.51,0,0.86,8.55,53.79119873,-108.9599991
Saskatchewan,4716,oats,2024,9,47,103.26,95.35,111.18,36.78,9.85,9.27,0.52,0.9,6.32,56.79359818,-105.9339981
Saskatchewan,4706,oats,2024,9,47,68.63,59.08,78.18,11.67,9.18,-1.54,0.44,0.63,6.95,50.59830093,-104.3659973
Saskatchewan,4715,oats,2024,9,47,108.02,98.94,117.1,41.86,13.68,23.73,0.47,0.89,7.32,52.89289856,-105.586998
Saskatchewan,4710,oats,2024,9,47,86.92,76.57,97.26,24.06,3.23,-0.09,0.15,0.8,7.12,51.6393013,-104.1080017
Saskatchewan,4705,oats,2024,9,47,85.09,76.36,93.82,30.96,5.73,2.4,0.29,0.8,6.04,50.58200073,-102.3919983
Saskatchewan,4714,oats,2024,9,47,109.85,103.09,116.61,36.57,8.03,9.41,0.35,0.9,6.59,53.01649857,-103.3099976
Saskatchewan,4709,oats,2024,9,47,92.46,82.05,102.88,28.32,4.03,-10.67,0.17,0.79,8.27,51.7173996,-102.4309998
Manitoba,4601,oats,2024,9,46,104.56,94.9,114.22,51.06,5.87,23.44,0.43,0.84,7.26,49.27149963,-100.3990021
Manitoba,4608,oats,2024,9,46,124.55,113.39,135.7,42.17,13.47,33.2,0.58,0.85,9.08,49.27899933,-98.30419922
Manitoba,4609,oats,2024,9,46,109.45,97.53,121.38,33.21,-1.43,0.78,-0.09,0.76,11.81,49.63000107,-96.80410004
Manitoba,4604,oats,2024,9,46,102.41,91.17,113.66,37.71,0.88,10,0.06,0.78,8.44,51.0135994,-101.1809998
Manitoba,4602,oats,2024,9,46,94.05,85.75,102.34,38.08,6.56,20.11,0.59,0.82,5.97,49.79869843,-100.2649994
Manitoba,4603,oats,2024,9,46,104.73,94.34,115.11,38.78,0.39,-4.1,0.08,0.72,9.69,50.34700012,-100.387001
Manitoba,4606,oats,2024,9,46,74.51,63.36,85.66,13.16,-6.04,25.02,-0.2,0.59,9.03,51.12139893,-99.88110352
Manitoba,4605,oats,2024,9,46,85.02,76.01,94.02,26.42,0.73,-0.68,0.07,0.75,5.76,52.08010101,-101.052002
Manitoba,4607,oats,2024,9,46,103.54,89.61,117.47,25.98,3.13,14.03,0.13,0.74,11.26,49.98550034,-98.45970154
Manitoba,4611,oats,2024,9,46,98.24,85.71,110.77,27.31,0.9,-9.46,0.04,0.8,8.8,50.22650146,-97.2460022
Manitoba,4610,oats,2024,9,46,95.39,81.48,109.29,54.85,12.59,-0.12,0.52,0.65,12.4,49.73680115,-95.84950256
Manitoba,4612,oats,2024,9,46,96.34,87.11,105.57,38,6.85,-6.92,0.26,0.75,8.18,55.729599,-97.167099
Ontario,3505,oats,2024,9,35,93.66,84.01,103.31,29.29,3.61,8.15,0.29,0.74,6.82,51.1882019,-86.91320038
Ontario,3501,oats,2024,9,35,69.82,58.79,80.85,11.67,-1.14,,-0.05,0.46,8.18,42.83430099,-81.15840149
Ontario,3502,oats,2024,9,35,94.74,86.72,102.75,27.93,-1.05,-10.03,-0.13,0.76,5.42,44.06389999,-80.59929657
Ontario,3503,oats,2024,9,35,66.99,53.8,80.19,10.13,26.26,26.88,1.16,0.26,9.43,44.89519882,-78.82150269
Ontario,3504,oats,2024,9,35,60.88,50.17,71.57,2.53,-3.46,-13.77,-0.13,0.17,7.15,45.12820053,-76.3615036
Quebec,2409,oats,2024,9,24,60.7,52.83,68.57,-12.12,-12.96,6.68,-0.93,0.84,3.36,45.51089859,-72.90090179
Quebec,2406,oats,2024,9,24,60.55,52.32,68.78,8.26,3.79,7.75,0.22,0.62,5.47,46.56259918,-75.8506012
Quebec,2405,oats,2024,9,24,61.03,49.47,72.57,-11.37,-16.4,-11.3,-0.74,0.54,7.01,46.57379913,-73.90589905
Quebec,2411,oats,2024,9,24,63.97,56.52,71.41,-6.87,-13.44,6.26,-0.64,0.7,5.67,46.09189987,-72.14859772
Quebec,2404,oats,2024,9,24,67.79,61.65,73.93,17.44,3.24,29.37,0.14,0.87,4.04,45.46530151,-71.58560181
Quebec,2403,oats,2024,9,24,69.99,59.25,80.73,-0.09,2.89,22.36,0.12,0.3,15.4,47.63639832,-72.93379974
Quebec,2408,oats,2024,9,24,73.6,66.95,80.24,13.92,3.22,22.66,0.21,0.58,6.68,46.48519897,-70.73770142
Quebec,2407,oats,2024,9,24,69.71,57.95,81.47,7.4,-0.58,-9.82,-0.07,0.28,8.47,55.49300003,-73.29139709
New Brunswick / Nouveau-Brunswick,1300,oats,2024,9,13,71.23,61.36,81.09,6.65,-9.59,1.61,-0.73,0.42,7.1,46.61719894,-66.37850189
Quebec,2401,oats,2024,9,24,65.67,56.76,74.58,4.82,-4,-0.35,-0.35,0.42,6.08,48.36399841,-66.91259766
Nova Scotia / Nouvelle-Écosse,1200,oats,2024,9,12,64.35,56.29,72.41,2.4,-3,-7.14,-0.26,0.31,6.08,45.14590073,-63.33179855
Prince Edward Island / Île-du-Prince-Édouard,1100,oats,2024,9,11,65.36,56.18,74.55,-3.06,-4.11,11.73,-0.43,0.16,7.1,46.39030075,-63.2458992
Quebec,2402,oats,2024,9,24,65.57,57.42,73.71,0.88,4.14,13.83,0.34,0.37,6.03,51.06119919,-67.41169739
British Columbia / Colombie-Britannique,5908,peas,2024,7,59,35.14,26.81,43.49,9.06,20.44,20.36,0.62,0.5,5.9,57.69950104,-123.1610031
Alberta,4820,peas,2024,7,48,42.31,33.14,51.49,14.83,17.27,56.71,0.48,0.78,4.3,50.52590179,-112.5500031
Alberta,4810,peas,2024,7,48,35.69,27.45,43.92,19.8,47.74,98.29,1.34,0.82,3.64,50.66460037,-110.9089966
Alberta,4830,peas,2024,7,48,47.41,40.35,54.46,15.94,7.89,21.56,0.32,0.7,4.05,51.08769989,-115.1790009
Alberta,4850,peas,2024,7,48,47.51,39.45,55.55,9.67,3.14,-18.93,0.17,0.48,5.27,52.69950104,-114.6679993
Alberta,4870,peas,2024,7,48,38.35,30.87,45.84,12.07,14.29,6.25,0.67,0.56,4.64,56.94729996,-116.8280029
Alberta,4860,peas,2024,7,48,48.39,39.71,57.05,14.17,22.56,-5.31,0.93,0.62,4.99,56.47129822,-112.810997
Alberta,4840,peas,2024,7,48,46.19,38.54,53.84,31.2,15.08,10.51,0.67,0.85,3.58,52.48089981,-111.4990005
Alberta,4841,peas,2024,7,48,46.35,37.66,55.04,24.49,13.27,-7.3,0.59,0.74,4.4,53.36869812,-111.6920013
Saskatchewan,4704,peas,2024,7,47,27.48,18.59,36.37,0.07,21.07,9.06,0.6,0.66,5.43,49.53290176,-108.7890015
Saskatchewan,4708,peas,2024,7,47,32.38,24.13,40.64,15.83,43.54,152.98,0.94,0.78,4.04,50.71530151,-108.8300018
Saskatchewan,4703,peas,2024,7,47,26.96,18.6,35.33,1.64,10.15,16.73,0.3,0.75,3.89,49.54230118,-106.4049988
Saskatchewan,4707,peas,2024,7,47,32.93,24.65,41.2,17.19,30.46,69.73,0.93,0.78,3.39,50.59840012,-106.6139984
Saskatchewan,4702,peas,2024,7,47,29.92,22.43,37.4,8.04,-5.33,13.32,-0.28,0.71,3.53,49.52310181,-104.2490005
Saskatchewan,4706,peas,2024,7,47,38.76,31.54,45.98,27.38,4.82,2.82,0.26,0.72,3.43,50.59830093,-104.3659973
Saskatchewan,4701,peas,2024,7,47,38.65,30.94,46.36,23.57,-1.41,7.06,-0.1,0.52,4.82,49.52339935,-102.3099976
Saskatchewan,4705,peas,2024,7,47,41.41,33.99,48.82,30.84,6.99,8.11,0.49,0.66,3.94,50.58200073,-102.3919983
Saskatchewan,4713,peas,2024,7,47,43.23,33.99,52.46,39.81,26.25,21.77,0.93,0.66,5.7,52.15140152,-109.262001
Saskatchewan,4717,peas,2024,7,47,48.21,38.57,57.85,41.26,19.16,11.86,0.86,0.82,4.3,53.79119873,-108.9599991
Saskatchewan,4712,peas,2024,7,47,37.66,28.18,47.14,24.48,34.1,34.97,0.93,0.77,4.38,51.94589996,-107.7990036
Saskatchewan,4711,peas,2024,7,47,37.75,30,45.51,23.18,24.51,41.39,0.81,0.78,3.51,51.67309952,-106.0029984
Saskatchewan,4716,peas,2024,7,47,43.56,35.44,51.69,39.52,29.71,12.55,1.02,0.79,4.03,56.79359818,-105.9339981
Saskatchewan,4710,peas,2024,7,47,44.19,37.47,50.89,39.54,13.36,-6.98,0.6,0.73,4.05,51.6393013,-104.1080017
Saskatchewan,4715,peas,2024,7,47,45.6,37.29,53.9,39.17,15.5,3.87,0.64,0.78,4.39,52.89289856,-105.586998
Saskatchewan,4709,peas,2024,7,47,48.76,41.25,56.26,47.33,11.73,-7.3,0.6,0.8,4.49,51.7173996,-102.4309998
Saskatchewan,4714,peas,2024,7,47,42.47,33.26,51.68,32.28,12.24,13.56,0.56,0.79,3.85,53.01649857,-103.3099976
Manitoba,4601,peas,2024,7,46,48.05,41.05,55.04,26.11,-1.7,0.53,-0.12,0.74,4.72,49.27149963,-100.3990021
Manitoba,4602,peas,2024,7,46,45.05,36.88,53.24,27.97,0.97,-8.61,0.06,0.55,5.16,49.79869843,-100.2649994
Manitoba,4603,peas,2024,7,46,41.54,34.8,48.28,14.3,-9.38,-19.03,-0.72,0.6,4.85,50.34700012,-100.387001
Manitoba,4608,peas,2024,7,46,48.65,40.3,57.01,47.26,-3.13,9.82,-0.15,0.67,7.08,49.27899933,-98.30419922
Manitoba,4607,peas,2024,7,46,46.59,37.55,55.64,28.21,11.79,27.65,0.41,0.47,6.81,49.98550034,-98.45970154
Manitoba,4609,peas,2024,7,46,38.22,28.45,47.99,39.9,-5.87,,-0.19,0.62,5.57,49.63000107,-96.80410004
Manitoba,4611,peas,2024,7,46,46.25,35.81,56.7,34.43,4.52,-21.21,0.13,0.63,7.98,50.22650146,-97.2460022
Manitoba,4604,peas,2024,7,46,54.85,46.35,63.35,40.79,4.99,-4.11,0.33,0.77,4.96,51.0135994,-101.1809998
Manitoba,4605,peas,2024,7,46,59.04,49.72,68.37,38.04,9.62,9.14,0.6,0.55,8.15,52.08010101,-101.052002
Manitoba,4606,peas,2024,7,46,45.03,35.75,54.31,29.87,1.18,,0.04,0.49,6.13,51.12139893,-99.88110352
Manitoba,4612,peas,2024,7,46,36.19,24.04,48.35,8.98,-16.29,,-0.25,0.68,7.27,55.729599,-97.167099
Ontario,3500,peas,2024,7,35,39.1,39.1,39.1,,,,,,,50.44540024,-86.04720306
New Brunswick / Nouveau-Brunswick,1300,peas,2024,7,13,22.2,22.2,22.2,,,,,,,46.61719894,-66.37850189
Quebec,2400,peas,2024,7,24,33.8,33.8,33.8,,,,,,,53.39260101,-71.78160095
British Columbia / Colombie-Britannique,5908,peas,2024,8,59,27.59,19.9,35.27,-14.38,-5.44,-5.5,-0.17,0.38,6.54,57.69950104,-123.1610031
Alberta,4820,peas,2024,8,48,40.59,35.87,45.32,10.15,12.5,50.33,0.35,0.78,4.38,50.52590179,-112.5500031
Alberta,4810,peas,2024,8,48,28.08,22.14,34.03,-5.74,16.24,56.02,0.45,0.81,3.77,50.66460037,-110.9089966
Alberta,4830,peas,2024,8,48,43.7,38.72,48.69,6.87,-0.55,12.05,-0.02,0.7,4.05,51.08769989,-115.1790009
Alberta,4850,peas,2024,8,48,42.93,35.89,49.96,-0.9,-6.8,-26.74,-0.37,0.55,4.89,52.69950104,-114.6679993
Alberta,4870,peas,2024,8,48,39.71,32.92,46.49,16.02,18.32,9.99,0.86,0.59,4.47,56.94729996,-116.8280029
Alberta,4860,peas,2024,8,48,44.86,37.05,52.67,5.83,13.62,-12.22,0.56,0.6,5.12,56.47129822,-112.810997
Alberta,4840,peas,2024,8,48,33.99,28.57,39.39,-3.46,-15.32,-18.69,-0.68,0.85,3.58,52.48089981,-111.4990005
Alberta,4841,peas,2024,8,48,35.6,31.06,40.13,-4.39,-13.01,-28.81,-0.58,0.77,4.13,53.36869812,-111.6920013
Saskatchewan,4704,peas,2024,8,47,28.52,21.06,35.97,3.84,25.63,13.17,0.72,0.62,5.77,49.53290176,-108.7890015
Saskatchewan,4708,peas,2024,8,47,30.03,24.82,35.25,7.44,33.13,134.65,0.72,0.78,4.02,50.71530151,-108.8300018
Saskatchewan,4703,peas,2024,8,47,21.72,16.13,27.29,-18.14,-11.29,-5.99,-0.33,0.76,3.89,49.54230118,-106.4049988
Saskatchewan,4707,peas,2024,8,47,31.96,27.22,36.71,13.76,26.64,64.76,0.81,0.79,3.29,50.59840012,-106.6139984
Saskatchewan,4702,peas,2024,8,47,29.78,25.82,33.73,7.54,-5.77,12.79,-0.3,0.71,3.54,49.52310181,-104.2490005
Saskatchewan,4706,peas,2024,8,47,38.94,34.1,43.78,27.98,5.31,3.3,0.28,0.74,3.35,50.59830093,-104.3659973
Saskatchewan,4701,peas,2024,8,47,41.81,35.03,48.59,33.7,6.67,15.83,0.48,0.53,4.78,49.52339935,-102.3099976
Saskatchewan,4705,peas,2024,8,47,32.43,26.6,38.26,2.48,-16.2,-15.32,-1.14,0.68,3.85,50.58200073,-102.3919983
Saskatchewan,4713,peas,2024,8,47,40.3,32.88,47.71,30.35,17.71,13.53,0.63,0.65,5.83,52.15140152,-109.262001
Saskatchewan,4717,peas,2024,8,47,39.13,32.58,45.68,14.65,-3.29,-9.21,-0.15,0.79,4.57,53.79119873,-108.9599991
Saskatchewan,4712,peas,2024,8,47,36.87,31.29,42.45,21.88,31.3,32.15,0.85,0.76,4.4,51.94589996,-107.7990036
Saskatchewan,4711,peas,2024,8,47,38.15,32.31,43.99,24.47,25.82,42.88,0.86,0.65,4.87,51.67309952,-106.0029984
Saskatchewan,4716,peas,2024,8,47,35.23,28.58,41.88,12.86,4.92,-8.96,0.17,0.71,4.73,56.79359818,-105.9339981
Saskatchewan,4710,peas,2024,8,47,44.29,38.62,49.96,39.87,13.62,-6.76,0.61,0.73,4.05,51.6393013,-104.1080017
Saskatchewan,4715,peas,2024,8,47,42.1,36.68,47.53,28.51,6.65,-4.09,0.27,0.79,4.23,52.89289856,-105.586998
Saskatchewan,4709,peas,2024,8,47,49.4,43.75,55.03,49.26,13.19,-6.09,0.68,0.81,4.37,51.7173996,-102.4309998
Saskatchewan,4714,peas,2024,8,47,38.54,33.34,43.75,20.04,1.85,3.05,0.09,0.77,3.96,53.01649857,-103.3099976
Manitoba,4601,peas,2024,8,46,45.46,40.1,50.82,19.3,-7,-4.9,-0.5,0.74,4.71,49.27149963,-100.3990021
Manitoba,4602,peas,2024,8,46,41.37,34.53,48.21,17.5,-7.28,-16.09,-0.41,0.54,5.24,49.79869843,-100.2649994
Manitoba,4603,peas,2024,8,46,41.22,34.26,48.18,13.43,-10.08,-19.65,-0.78,0.6,4.85,50.34700012,-100.387001
Manitoba,4608,peas,2024,8,46,50.19,42.23,58.15,51.93,-0.06,13.3,0,0.67,7.08,49.27899933,-98.30419922
Manitoba,4607,peas,2024,8,46,40.77,33.45,48.08,12.18,-2.19,11.69,-0.08,0.45,7.01,49.98550034,-98.45970154
Manitoba,4609,peas,2024,8,46,39.01,29.89,48.14,42.81,-3.91,,-0.13,0.63,5.56,49.63000107,-96.80410004
Manitoba,4611,peas,2024,8,46,44.69,34.07,55.31,29.91,1,-23.86,0.03,0.5,9.8,50.22650146,-97.2460022
Manitoba,4604,peas,2024,8,46,54.96,47.57,62.36,41.08,5.21,-3.91,0.35,0.77,4.96,51.0135994,-101.1809998
Manitoba,4605,peas,2024,8,46,60.2,51.37,69.03,40.75,11.78,11.28,0.74,0.59,6.95,52.08010101,-101.052002
Manitoba,4606,peas,2024,8,46,42.88,33.94,51.81,23.68,-3.64,,-0.12,0.56,5.73,51.12139893,-99.88110352
Manitoba,4612,peas,2024,8,46,28.95,21.88,36.03,-12.82,-33.03,,-0.51,0.54,8.92,55.729599,-97.167099
Ontario,3500,peas,2024,8,35,39.1,39.1,39.1,,,,,,,50.44540024,-86.04720306
New Brunswick / Nouveau-Brunswick,1300,peas,2024,8,13,22.2,22.2,22.2,,,,,,,46.61719894,-66.37850189
Quebec,2400,peas,2024,8,24,33.8,33.8,33.8,,,,,,,53.39260101,-71.78160095
British Columbia / Colombie-Britannique,5901,peas,2024,9,59,43.86,43.86,43.86,0,0,-5.3,0,,,53.85300064,-125.2580032
British Columbia / Colombie-Britannique,5908,peas,2024,9,59,27.9,20.22,35.58,-13.44,-4.4,-4.47,-0.13,0.38,6.54,57.69950104,-123.1610031
Alberta,4820,peas,2024,9,48,40.81,36.23,45.39,10.75,13.11,51.14,0.37,0.78,4.38,50.52590179,-112.5500031
Alberta,4810,peas,2024,9,48,28.01,23.18,32.85,-5.99,15.93,55.61,0.45,0.81,3.82,50.66460037,-110.9089966
Alberta,4830,peas,2024,9,48,43.51,37.96,49.05,6.41,-0.98,11.56,-0.04,0.7,4.05,51.08769989,-115.1790009
Alberta,4850,peas,2024,9,48,41.56,34.85,48.27,-4.05,-9.76,-29.07,-0.53,0.48,5.27,52.69950104,-114.6679993
Alberta,4870,peas,2024,9,48,42.75,37.38,48.12,24.9,27.38,18.41,1.28,0.63,4.21,56.94729996,-116.8280029
Alberta,4860,peas,2024,9,48,33.19,28.48,37.89,-21.7,-15.94,-35.06,-0.66,0.7,4.43,56.47129822,-112.810997
Alberta,4840,peas,2024,9,48,36.32,30.78,41.86,3.16,-9.51,-13.11,-0.42,0.83,3.81,52.48089981,-111.4990005
Alberta,4841,peas,2024,9,48,38.19,33.41,42.96,2.56,-6.68,-23.63,-0.3,0.78,4.11,53.36869812,-111.6920013
Saskatchewan,4704,peas,2024,9,47,26.98,20.5,33.46,-1.75,18.86,7.07,0.53,0.61,5.87,49.53290176,-108.7890015
Saskatchewan,4708,peas,2024,9,47,29.09,23.98,34.2,4.06,28.95,127.27,0.63,0.79,3.95,50.71530151,-108.8300018
Saskatchewan,4703,peas,2024,9,47,24.47,19.13,29.82,-7.75,-0.02,5.95,0,0.74,4.04,49.54230118,-106.4049988
Saskatchewan,4707,peas,2024,9,47,28.74,24.47,33.01,2.28,13.86,48.13,0.42,0.8,3.32,50.59840012,-106.6139984
Saskatchewan,4702,peas,2024,9,47,28.56,24.17,32.94,3.14,-9.63,8.17,-0.51,0.71,3.53,49.52310181,-104.2490005
Saskatchewan,4706,peas,2024,9,47,40.15,35.64,44.67,31.95,8.58,6.5,0.46,0.74,3.27,50.59830093,-104.3659973
Saskatchewan,4701,peas,2024,9,47,42.36,36.35,48.37,35.43,8.06,17.33,0.58,0.51,4.84,49.52339935,-102.3099976
Saskatchewan,4705,peas,2024,9,47,34.8,28.71,40.89,9.95,-10.09,-9.15,-0.71,0.63,4.2,50.58200073,-102.3919983
Saskatchewan,4713,peas,2024,9,47,35.05,29.67,40.43,13.37,2.38,-1.26,0.08,0.76,4.78,52.15140152,-109.262001
Saskatchewan,4717,peas,2024,9,47,40.62,36.02,45.22,19.03,0.41,-5.74,0.02,0.85,3.91,53.79119873,-108.9599991
Saskatchewan,4712,peas,2024,9,47,38.25,33.17,43.34,26.46,36.23,37.11,0.99,0.8,4.12,51.94589996,-107.7990036
Saskatchewan,4711,peas,2024,9,47,39.26,34,44.52,28.1,29.49,47.04,0.98,0.76,3.77,51.67309952,-106.0029984
Saskatchewan,4716,peas,2024,9,47,34.92,29.44,40.41,11.87,4,-9.76,0.14,0.79,4.02,56.79359818,-105.9339981
Saskatchewan,4710,peas,2024,9,47,43.71,39.35,48.07,38.04,12.14,-7.98,0.54,0.73,4.05,51.6393013,-104.1080017
Saskatchewan,4715,peas,2024,9,47,42.16,36.77,47.56,28.69,6.8,-3.96,0.28,0.79,4.28,52.89289856,-105.586998
Saskatchewan,4709,peas,2024,9,47,48.89,43.05,54.74,47.73,12.03,-7.05,0.62,0.8,4.49,51.7173996,-102.4309998
Saskatchewan,4714,peas,2024,9,47,39.01,34.18,43.83,21.48,3.08,4.29,0.14,0.77,3.96,53.01649857,-103.3099976
Manitoba,4601,peas,2024,9,46,52.4,46.09,58.7,37.52,7.2,9.62,0.52,0.74,4.59,49.27149963,-100.3990021
Manitoba,4602,peas,2024,9,46,42.87,36.56,49.19,21.76,-3.92,-13.04,-0.22,0.56,5.14,49.79869843,-100.2649994
Manitoba,4603,peas,2024,9,46,40.71,34.34,47.07,12.01,-11.2,-20.65,-0.86,0.6,4.85,50.34700012,-100.387001
Manitoba,4608,peas,2024,9,46,50.23,42.06,58.41,52.05,0.02,13.39,0,0.67,7.08,49.27899933,-98.30419922
Manitoba,4607,peas,2024,9,46,44.1,36.33,51.88,21.36,5.81,20.83,0.2,0.45,7,49.98550034,-98.45970154
Manitoba,4609,peas,2024,9,46,38.96,30.94,46.99,42.64,-4.03,,-0.13,0.63,5.56,49.63000107,-96.80410004
Manitoba,4611,peas,2024,9,46,47.34,38.94,55.74,37.59,6.98,-19.36,0.21,0.65,7.56,50.22650146,-97.2460022
Manitoba,4604,peas,2024,9,46,56.13,48.7,63.56,44.07,7.44,-1.88,0.5,0.77,4.96,51.0135994,-101.1809998
Manitoba,4605,peas,2024,9,46,58.96,50.47,67.44,37.85,9.47,8.98,0.59,0.55,8.15,52.08010101,-101.052002
Manitoba,4606,peas,2024,9,46,42.9,34.88,50.93,23.73,-3.59,,-0.12,0.53,5.89,51.12139893,-99.88110352
Manitoba,4612,peas,2024,9,46,34.53,24.21,44.84,1.04,-20.13,,-0.31,0.63,8.98,55.729599,-97.167099
Ontario,3500,peas,2024,9,35,39.1,39.1,39.1,,,,,,,50.44540024,-86.04720306
New Brunswick / Nouveau-Brunswick,1300,peas,2024,9,13,22.2,22.2,22.2,,,,,,,46.61719894,-66.37850189
Quebec,2400,peas,2024,9,24,33.8,33.8,33.8,,,,,,,53.39260101,-71.78160095
,1100,soybeans,2024,7,11,40.69,36.36,45.02,16.37,-1.24,-9.58,-0.1,0.78,2.28,46.39030075,-63.2458992
,1200,soybeans,2024,7,12,49.26,44.94,53.59,9.7,5.99,-0.68,0.53,0.67,2.25,45.14590073,-63.33179855
,1300,soybeans,2024,7,13,37.47,31.13,43.81,8.32,5.25,-9.93,0.25,0.7,2.41,46.61719894,-66.37850189
,2402,soybeans,2024,7,24,34.91,30.36,39.46,-3.67,-7.94,-17.86,-0.6,0.59,3.07,51.06119919,-67.41169739
,2403,soybeans,2024,7,24,43.17,38.65,47.7,10.43,5.19,6.59,0.86,0.66,2.5,47.63639832,-72.93379974
,2404,soybeans,2024,7,24,41.4,35.62,47.18,14.76,4.02,13.11,0.39,0.8,2.39,45.46530151,-71.58560181
,2405,soybeans,2024,7,24,48.87,44.16,53.58,12.3,5.96,0.35,0.91,0.73,2.41,46.57379913,-73.90589905
,2406,soybeans,2024,7,24,44.9,39.54,50.28,10.5,4.18,-5.07,0.51,0.72,2.78,46.56259918,-75.8506012
,2408,soybeans,2024,7,24,46.86,41.99,51.73,22.26,9.59,7.72,2.06,0.71,3.67,46.48519897,-70.73770142
,2409,soybeans,2024,7,24,52.62,47.98,57.25,10.61,4.03,5.24,1.82,0.74,2.36,45.51089859,-72.90090179
,2410,soybeans,2024,7,24,51.18,46.36,56,9.53,2.65,1.15,0.37,0.72,2.58,45.21229935,-73.78250122
,2411,soybeans,2024,7,24,45.28,40.23,50.33,11.58,4.61,0.61,0.7,0.61,3.21,46.09189987,-72.14859772
,3501,soybeans,2024,7,35,55.12,48.89,61.34,28.44,8.33,5.79,1.76,0.71,4.12,42.83430099,-81.15840149
,3502,soybeans,2024,7,35,51.02,45.13,56.91,20.8,2.04,-2.82,0.2,0.71,4.01,44.06389999,-80.59929657
,3503,soybeans,2024,7,35,46.41,39.48,53.33,28.55,11.02,-1.47,0.75,0.82,3.23,44.89519882,-78.82150269
,3504,soybeans,2024,7,35,49.11,43.73,54.49,18.76,4.93,-3.14,0.6,0.74,2.99,45.12820053,-76.3615036
,3505,soybeans,2024,7,35,39.6,31.86,47.34,17.15,2.32,-4.81,0.18,0.53,5.26,51.1882019,-86.91320038
,4601,soybeans,2024,7,46,35.89,31.31,40.47,4.03,2.54,6.82,0.26,0.74,1.87,49.27149963,-100.3990021
,4602,soybeans,2024,7,46,38.21,34.1,42.32,4.51,4.86,15.44,0.45,0.62,2.05,49.79869843,-100.2649994
,4603,soybeans,2024,7,46,35.73,32.83,38.62,2.41,9.14,-0.76,0.85,0.7,1.99,50.34700012,-100.387001
,4604,soybeans,2024,7,46,34.4,34.4,34.4,,,,,,,51.0135994,-101.1809998
,4605,soybeans,2024,7,46,37.6,37.6,37.6,,,,,,,52.08010101,-101.052002
,4606,soybeans,2024,7,46,40.26,36.6,43.92,12.46,14.9,14.7,0.85,0.7,2.58,51.12139893,-99.88110352
,4607,soybeans,2024,7,46,41.52,36.01,47.04,17.51,26.22,17.97,0.91,0.89,2.24,49.98550034,-98.45970154
,4608,soybeans,2024,7,46,39.72,36.01,43.43,7.52,9.89,22.96,0.49,0.71,2.69,49.27899933,-98.30419922
,4609,soybeans,2024,7,46,37.85,31.66,44.04,3.31,1.15,-11.36,0.07,0.75,2.22,49.63000107,-96.80410004
,4610,soybeans,2024,7,46,41.05,37.24,44.84,18.66,10.16,2.87,1.94,0.9,1.54,49.73680115,-95.84950256
,4611,soybeans,2024,7,46,35.21,28.1,42.32,4.37,6.89,-18.87,0.27,0.61,3.55,50.22650146,-97.2460022
,4612,soybeans,2024,7,46,33.13,28.55,37.71,4.01,6.05,-8.23,0.35,0.81,1.72,55.729599,-97.167099
,4700,soybeans,2024,7,47,25.17,19.51,30.82,1.18,1.23,3.99,0.07,0.6,2.51,54.41809845,-105.8889999
,1100,soybeans,2024,8,11,41.89,38.04,45.74,19.79,1.66,-6.92,0.14,0.78,2.28,46.39030075,-63.2458992
,1200,soybeans,2024,8,12,50.44,45.82,55.06,12.32,8.52,1.7,0.75,0.67,2.25,45.14590073,-63.33179855
,1300,soybeans,2024,8,13,36.29,30.02,42.56,4.92,1.95,-12.75,0.09,0.36,3.82,46.61719894,-66.37850189
,2402,soybeans,2024,8,24,38.12,33.83,42.42,5.17,0.51,-10.32,0.04,0.63,2.94,51.06119919,-67.41169739
,2403,soybeans,2024,8,24,45.59,42.23,48.95,16.62,11.09,12.57,1.84,0.73,2.24,47.63639832,-72.93379974
,2404,soybeans,2024,8,24,39.92,35.54,44.32,10.67,0.31,9.08,0.03,0.83,2.18,45.46530151,-71.58560181
,2405,soybeans,2024,8,24,48.81,44.05,53.57,12.16,5.83,0.23,0.89,0.37,4.3,46.57379913,-73.90589905
,2406,soybeans,2024,8,24,46.32,41.08,51.56,13.99,7.47,-2.08,0.92,0.72,2.78,46.56259918,-75.8506012
,2408,soybeans,2024,8,24,47.63,43.17,52.09,24.26,11.39,9.49,2.45,0.71,3.67,46.48519897,-70.73770142
,2409,soybeans,2024,8,24,53.4,49.51,57.3,12.26,5.58,6.8,2.52,0.67,2.65,45.51089859,-72.90090179
,2410,soybeans,2024,8,24,51.19,47.39,54.99,9.54,2.66,1.16,0.37,0.7,2.66,45.21229935,-73.78250122
,2411,soybeans,2024,8,24,45.68,41.37,49.98,12.57,5.53,1.5,0.84,0.67,2.92,46.09189987,-72.14859772
,3501,soybeans,2024,8,35,56.35,50.58,62.12,27.18,10.75,8.16,2.28,0.77,3.81,42.83430099,-81.15840149
,3502,soybeans,2024,8,35,57.99,53.26,62.72,37.3,15.98,10.45,1.59,0.67,4.12,44.06389999,-80.59929657
,3503,soybeans,2024,8,35,52.33,47.19,57.46,44.95,25.18,11.1,1.72,0.79,3.36,44.89519882,-78.82150269
,3504,soybeans,2024,8,35,51.52,46.68,56.35,24.58,10.08,1.61,1.23,0.73,3.1,45.12820053,-76.3615036
,3505,soybeans,2024,8,35,40.21,33.02,47.4,18.96,3.91,-3.34,0.3,0.53,5.26,51.1882019,-86.91320038
,4601,soybeans,2024,8,46,35.42,31.22,39.62,2.67,1.2,5.42,0.12,0.74,1.87,49.27149963,-100.3990021
,4602,soybeans,2024,8,46,34.19,31.41,36.97,-6.48,-6.17,3.3,-0.58,0.62,2.05,49.79869843,-100.2649994
,4603,soybeans,2024,8,46,35.51,31.76,39.27,1.79,8.49,-1.36,0.79,0.7,1.99,50.34700012,-100.387001
,4604,soybeans,2024,8,46,34.4,34.4,34.4,,,,,,,51.0135994,-101.1809998
,4605,soybeans,2024,8,46,37.6,37.6,37.6,,,,,,,52.08010101,-101.052002
,4606,soybeans,2024,8,46,40.39,35.84,44.93,12.81,15.25,15.06,0.88,0.7,2.58,51.12139893,-99.88110352
,4607,soybeans,2024,8,46,36.52,33.81,39.23,3.35,11,3.75,0.38,0.89,2.24,49.98550034,-98.45970154
,4608,soybeans,2024,8,46,40.61,36.77,44.44,9.95,12.37,25.73,0.62,0.78,2.45,49.27899933,-98.30419922
,4609,soybeans,2024,8,46,40.01,37.16,42.85,9.21,6.92,-6.3,0.4,0.75,2.22,49.63000107,-96.80410004
,4610,soybeans,2024,8,46,40.65,37.69,43.62,17.52,9.1,1.88,1.74,0.89,1.56,49.73680115,-95.84950256
,4611,soybeans,2024,8,46,37.44,32.9,41.98,10.98,13.66,-13.73,0.53,0.61,3.55,50.22650146,-97.2460022
,4612,soybeans,2024,8,46,32.33,28.42,36.25,1.5,3.5,-10.44,0.2,0.81,1.72,55.729599,-97.167099
,4700,soybeans,2024,8,47,21.55,17.31,25.79,-13.36,-13.32,-10.95,-0.8,0.6,2.51,54.41809845,-105.8889999
,1100,soybeans,2024,9,11,41.22,37.98,44.46,17.89,0.06,-8.39,0,0.78,2.28,46.39030075,-63.2458992
,1200,soybeans,2024,9,12,49.85,45.98,53.71,11,7.25,0.5,0.64,0.61,2.46,45.14590073,-63.33179855
,1300,soybeans,2024,9,13,37.18,33.22,41.14,7.47,4.43,-10.63,0.21,0.39,3.73,46.61719894,-66.37850189
,2402,soybeans,2024,9,24,39.62,35.22,44.02,9.33,4.48,-6.78,0.34,0.63,2.91,51.06119919,-67.41169739
,2403,soybeans,2024,9,24,41.28,37.83,44.74,5.59,0.58,1.93,0.1,0.67,2.47,47.63639832,-72.93379974
,2404,soybeans,2024,9,24,44.31,41.1,47.52,22.83,11.33,21.07,1.11,0.77,2.77,45.46530151,-71.58560181
,2405,soybeans,2024,9,24,50.06,45.19,54.93,15.04,8.55,2.8,1.3,0.64,2.78,46.57379913,-73.90589905
,2406,soybeans,2024,9,24,48.77,45.42,52.13,20.03,13.16,3.12,1.62,0.72,2.78,46.56259918,-75.8506012
,2408,soybeans,2024,9,24,50.21,45.79,54.62,30.98,17.41,15.41,3.74,0.71,3.67,46.48519897,-70.73770142
,2409,soybeans,2024,9,24,54.27,50.37,58.17,14.08,7.29,8.54,3.29,0.72,2.39,45.51089859,-72.90090179
,2410,soybeans,2024,9,24,51.94,48.38,55.49,11.14,4.17,2.64,0.58,0.7,2.66,45.21229935,-73.78250122
,2411,soybeans,2024,9,24,45.78,42.51,49.04,12.81,5.77,1.72,0.87,0.61,3.21,46.09189987,-72.14859772
,3501,soybeans,2024,9,35,57.18,51.93,62.44,33.25,12.38,9.75,2.62,0.71,4.2,42.83430099,-81.15840149
,3502,soybeans,2024,9,35,60.41,56.39,64.43,43.03,20.82,15.07,2.07,0.71,4.01,44.06389999,-80.59929657
,3503,soybeans,2024,9,35,53.76,50.13,57.39,48.92,28.61,14.14,1.95,0.86,2.77,44.89519882,-78.82150269
,3504,soybeans,2024,9,35,54.26,50.47,58.04,31.21,15.93,7.01,1.95,0.73,3.04,45.12820053,-76.3615036
,3505,soybeans,2024,9,35,39.93,33.16,46.69,18.11,3.17,-4.03,0.24,0.51,5.39,51.1882019,-86.91320038
,4601,soybeans,2024,9,46,34.45,31.5,37.41,-0.14,-1.57,2.53,-0.16,0.74,1.87,49.27149963,-100.3990021
,4602,soybeans,2024,9,46,34.06,31.72,36.41,-6.84,-6.52,2.91,-0.61,0.62,2.05,49.79869843,-100.2649994
,4603,soybeans,2024,9,46,35.81,32.29,39.34,2.65,9.4,-0.53,0.87,0.7,1.99,50.34700012,-100.387001
,4604,soybeans,2024,9,46,34.4,34.4,34.4,,,,,,,51.0135994,-101.1809998
,4605,soybeans,2024,9,46,37.6,37.6,37.6,,,,,,,52.08010101,-101.052002
,4606,soybeans,2024,9,46,40.8,37.44,44.14,13.95,16.42,16.23,0.94,0.7,2.58,51.12139893,-99.88110352
,4607,soybeans,2024,9,46,35.96,32.95,38.97,1.76,9.3,2.16,0.32,0.89,2.24,49.98550034,-98.45970154
,4608,soybeans,2024,9,46,39.14,35.33,42.94,5.97,8.3,21.18,0.41,0.71,2.69,49.27899933,-98.30419922
,4609,soybeans,2024,9,46,40.46,36.98,43.94,10.42,8.11,-5.26,0.47,0.75,2.22,49.63000107,-96.80410004
,4610,soybeans,2024,9,46,40.48,37.37,43.59,17.03,8.65,1.46,1.66,0.89,1.56,49.73680115,-95.84950256
,4611,soybeans,2024,9,46,37.66,33.2,42.12,11.63,14.33,-13.23,0.55,0.61,3.55,50.22650146,-97.2460022
,4612,soybeans,2024,9,46,32.59,28.14,37.04,2.3,4.32,-9.73,0.25,0.81,1.72,55.729599,-97.167099
,4700,soybeans,2024,9,47,22.2,18.89,25.52,-10.73,-10.68,-8.24,-0.64,0.52,2.66,54.41809845,-105.8889999
British Columbia / Colombie-Britannique,5901,spring_wheat,2024,7,59,34.25,25.62,42.88,-12.61,-12.13,-7.44,-0.55,0.69,5.77,53.85300064,-125.2580032
British Columbia / Colombie-Britannique,5908,spring_wheat,2024,7,59,45.22,37.43,53.02,4.31,6.53,25.27,0.25,0.84,4.59,57.69950104,-123.1610031
Alberta,4820,spring_wheat,2024,7,48,56.34,49.06,63.62,27.06,16.6,53.11,0.55,0.8,4.3,50.52590179,-112.5500031
Alberta,4810,spring_wheat,2024,7,48,37.21,29.74,44.67,12.44,28.64,94.81,0.66,0.78,3.99,50.66460037,-110.9089966
Alberta,4830,spring_wheat,2024,7,48,62.69,54.47,70.9,34.87,14.98,37.47,0.61,0.85,4.13,51.08769989,-115.1790009
Alberta,4850,spring_wheat,2024,7,48,67.74,60.03,75.46,19.57,4.58,4.06,0.4,0.81,4.15,52.69950104,-114.6679993
Alberta,4870,spring_wheat,2024,7,48,52.25,46.77,57.73,25.93,13.73,17.68,0.88,0.8,3.42,56.94729996,-116.8280029
Alberta,4860,spring_wheat,2024,7,48,66.49,58.32,74.67,26.12,13.16,8.83,0.88,0.83,4.44,56.47129822,-112.810997
Alberta,4840,spring_wheat,2024,7,48,54.63,46.34,62.92,45.42,16.54,23.59,0.69,0.91,3,52.48089981,-111.4990005
Alberta,4841,spring_wheat,2024,7,48,59.16,50.98,67.34,40.97,10.89,7.76,0.79,0.92,2.95,53.36869812,-111.6920013
Saskatchewan,4704,spring_wheat,2024,7,47,29.58,20.63,38.53,5.12,5.46,,0.14,0.67,4.09,49.53290176,-108.7890015
Saskatchewan,4708,spring_wheat,2024,7,47,31.6,23.13,40.07,2.19,17.74,54.15,0.53,0.76,3.69,50.71530151,-108.8300018
Saskatchewan,4703,spring_wheat,2024,7,47,26.67,19.33,34.02,-3.29,-4.6,1.42,-0.13,0.85,2.37,49.54230118,-106.4049988
Saskatchewan,4707,spring_wheat,2024,7,47,39.96,33.08,46.84,29.24,19.28,57.94,0.65,0.74,3.66,50.59840012,-106.6139984
Saskatchewan,4702,spring_wheat,2024,7,47,37.88,32.14,43.61,32.09,-2.83,14.44,-0.22,0.88,2.35,49.52310181,-104.2490005
Saskatchewan,4706,spring_wheat,2024,7,47,47.49,41.96,53.01,37.83,7.93,5.3,0.76,0.8,3.46,50.59830093,-104.3659973
Saskatchewan,4701,spring_wheat,2024,7,47,48.24,43.1,53.38,45.45,0.96,6.96,0.16,0.88,2.88,49.52339935,-102.3099976
Saskatchewan,4705,spring_wheat,2024,7,47,52.04,46.78,57.28,44.67,5.21,4.07,0.71,0.87,3.15,50.58200073,-102.3919983
Saskatchewan,4713,spring_wheat,2024,7,47,53.29,46.17,60.42,52.79,23.25,31.26,1.25,0.84,3.98,52.15140152,-109.262001
Saskatchewan,4717,spring_wheat,2024,7,47,63.08,54.38,71.79,61.03,13.9,8.01,0.79,0.93,3.7,53.79119873,-108.9599991
Saskatchewan,4712,spring_wheat,2024,7,47,46.51,38.55,54.47,38.6,24.49,42.23,0.82,0.81,3.99,51.94589996,-107.7990036
Saskatchewan,4711,spring_wheat,2024,7,47,46,38.23,53.76,39.53,18.18,21.36,0.8,0.82,3.72,51.67309952,-106.0029984
Saskatchewan,4716,spring_wheat,2024,7,47,53.33,45.72,60.93,45.23,14.69,4.16,0.73,0.88,3.32,56.79359818,-105.9339981
Saskatchewan,4710,spring_wheat,2024,7,47,51.87,45.76,57.98,42.94,5.55,-0.83,0.36,0.84,3.6,51.6393013,-104.1080017
Saskatchewan,4715,spring_wheat,2024,7,47,53.86,45.9,61.81,46.15,8.72,3.57,0.48,0.87,3.78,52.89289856,-105.586998
Saskatchewan,4709,spring_wheat,2024,7,47,55.25,48.72,61.77,45.51,7.24,-1.17,0.66,0.86,3.56,51.7173996,-102.4309998
Saskatchewan,4714,spring_wheat,2024,7,47,56.28,48.45,64.1,44.41,6.91,8.85,0.64,0.73,5.06,53.01649857,-103.3099976
Manitoba,4601,spring_wheat,2024,7,46,54.77,48.6,60.94,42.96,-1.53,-2.19,-0.15,0.88,3.65,49.27149963,-100.3990021
Manitoba,4602,spring_wheat,2024,7,46,55.64,49.67,61.61,38.98,-2.66,-8.94,-0.3,0.89,3.58,49.79869843,-100.2649994
Manitoba,4603,spring_wheat,2024,7,46,57.24,51.53,62.94,41.26,-0.32,-13.28,-0.03,0.88,3.62,50.34700012,-100.387001
Manitoba,4608,spring_wheat,2024,7,46,64.69,56.49,72.87,43.33,7.63,15.51,0.71,0.84,4.67,49.27899933,-98.30419922
Manitoba,4607,spring_wheat,2024,7,46,59.47,50.2,68.74,34.99,7.07,7.54,0.4,0.71,6,49.98550034,-98.45970154
Manitoba,4609,spring_wheat,2024,7,46,66.18,56.78,75.58,54.87,7.61,9.21,1.1,0.81,6.44,49.63000107,-96.80410004
Manitoba,4611,spring_wheat,2024,7,46,56.52,46.83,66.2,39.57,2.24,-3.23,0.13,0.79,5.57,50.22650146,-97.2460022
Manitoba,4610,spring_wheat,2024,7,46,61.51,51.82,71.22,55.3,2.23,1.51,0.35,0.8,6.43,49.73680115,-95.84950256
Manitoba,4604,spring_wheat,2024,7,46,65.67,57.95,73.4,60.99,9.97,14.21,1.17,0.9,4.3,51.0135994,-101.1809998
Manitoba,4605,spring_wheat,2024,7,46,62.37,54.68,70.06,47,3.67,3.95,0.37,0.91,3.4,52.08010101,-101.052002
Manitoba,4606,spring_wheat,2024,7,46,53.79,47.61,59.97,37.67,2.69,8.45,0.26,0.81,3.72,51.12139893,-99.88110352
Manitoba,4612,spring_wheat,2024,7,46,49.65,42.62,56.67,31.15,-2.85,-6.68,-0.18,0.8,3.9,55.729599,-97.167099
Ontario,3500,spring_wheat,2024,7,35,58.8,53.68,63.92,19.67,3.12,0.34,0.25,0.76,2.95,50.44540024,-86.04720306
New Brunswick / Nouveau-Brunswick,1300,spring_wheat,2024,7,13,46.62,37.92,55.33,-2.04,-5.58,11.01,-0.36,0.52,5.29,46.61719894,-66.37850189
Nova Scotia / Nouvelle-Écosse,1200,spring_wheat,2024,7,12,40.73,33.64,47.82,-11.12,-10.49,,-0.91,0.62,4.61,45.14590073,-63.33179855
Prince Edward Island / Île-du-Prince-Édouard,1100,spring_wheat,2024,7,11,50.17,43.65,56.67,3.07,-4.48,1.76,-0.65,0.36,4.63,46.39030075,-63.2458992
Quebec,2400,spring_wheat,2024,7,24,46.69,40.44,52.95,3.59,1.73,25.52,0.08,0.48,3.38,53.39260101,-71.78160095
British Columbia / Colombie-Britannique,5901,spring_wheat,2024,8,59,36.72,28.14,45.29,-6.31,-5.8,-0.77,-0.26,0.7,5.67,53.85300064,-125.2580032
British Columbia / Colombie-Britannique,5908,spring_wheat,2024,8,59,43.91,37.41,50.41,1.28,3.44,21.63,0.13,0.83,4.74,57.69950104,-123.1610031
Alberta,4820,spring_wheat,2024,8,48,55.65,50.35,60.94,25.49,15.16,51.21,0.5,0.81,4.15,50.52590179,-112.5500031
Alberta,4810,spring_wheat,2024,8,48,35.07,30.19,39.96,13.1,21.25,83.62,0.49,0.81,3.73,50.66460037,-110.9089966
Alberta,4830,spring_wheat,2024,8,48,59.06,53.72,64.41,27.06,8.32,29.51,0.34,0.85,4.07,51.08769989,-115.1790009
Alberta,4850,spring_wheat,2024,8,48,52.06,46.88,57.25,-8.1,-19.63,-20.02,-1.71,0.82,4.12,52.69950104,-114.6679993
Alberta,4870,spring_wheat,2024,8,48,53.95,49.7,58.2,30.03,17.44,21.51,1.12,0.8,3.37,56.94729996,-116.8280029
Alberta,4860,spring_wheat,2024,8,48,63.57,57.09,70.06,20.59,8.19,4.05,0.55,0.79,4.9,56.47129822,-112.810997
Alberta,4840,spring_wheat,2024,8,48,41.2,37.29,45.1,9.66,-12.11,-6.79,-0.5,0.91,3.09,52.48089981,-111.4990005
Alberta,4841,spring_wheat,2024,8,48,49.98,44.68,55.29,19.11,-6.31,-8.95,-0.46,0.92,2.88,53.36869812,-111.6920013
Saskatchewan,4704,spring_wheat,2024,8,47,28.72,22.8,34.65,2.06,2.4,,0.06,0.63,4.3,49.53290176,-108.7890015
Saskatchewan,4708,spring_wheat,2024,8,47,32.99,27.66,38.33,10.85,22.93,60.94,0.69,0.74,3.88,50.71530151,-108.8300018
Saskatchewan,4703,spring_wheat,2024,8,47,27.81,23.44,32.18,0.83,-0.54,5.74,-0.02,0.85,2.35,49.54230118,-106.4049988
Saskatchewan,4707,spring_wheat,2024,8,47,36.52,31.83,41.21,18.12,9.02,44.35,0.3,0.75,3.6,50.59840012,-106.6139984
Saskatchewan,4702,spring_wheat,2024,8,47,38.76,35.09,42.43,35.17,-0.56,17.1,-0.04,0.87,2.44,49.52310181,-104.2490005
Saskatchewan,4706,spring_wheat,2024,8,47,45.48,40.71,50.25,32.01,3.37,0.85,0.33,0.81,3.39,50.59830093,-104.3659973
Saskatchewan,4701,spring_wheat,2024,8,47,49.38,45.25,53.5,48.88,3.34,9.48,0.55,0.88,2.88,49.52339935,-102.3099976
Saskatchewan,4705,spring_wheat,2024,8,47,48.85,44.25,53.45,35.81,-1.24,-2.3,-0.17,0.87,3.15,50.58200073,-102.3919983
Saskatchewan,4713,spring_wheat,2024,8,47,42.44,38.02,46.86,21.68,-1.85,4.53,-0.1,0.83,4.07,52.15140152,-109.262001
Saskatchewan,4717,spring_wheat,2024,8,47,49.08,44.91,53.25,25.29,-11.38,-15.96,-0.65,0.92,3.75,53.79119873,-108.9599991
Saskatchewan,4712,spring_wheat,2024,8,47,40.58,36.61,44.56,20.93,8.62,24.1,0.29,0.81,3.98,51.94589996,-107.7990036
Saskatchewan,4711,spring_wheat,2024,8,47,43.64,39.47,47.81,32.38,12.12,15.14,0.54,0.84,3.4,51.67309952,-106.0029984
Saskatchewan,4716,spring_wheat,2024,8,47,45.14,41.03,49.26,22.94,-2.91,-11.83,-0.15,0.9,3.05,56.79359818,-105.9339981
Saskatchewan,4710,spring_wheat,2024,8,47,50.91,45.52,56.28,40.29,3.59,-2.67,0.23,0.85,3.54,51.6393013,-104.1080017
Saskatchewan,4715,spring_wheat,2024,8,47,52.64,47.95,57.33,42.84,6.25,1.23,0.35,0.92,2.95,52.89289856,-105.586998
Saskatchewan,4709,spring_wheat,2024,8,47,50.46,44.86,56.07,32.91,-2.05,-9.73,-0.19,0.86,3.56,51.7173996,-102.4309998
Saskatchewan,4714,spring_wheat,2024,8,47,52.5,46.69,58.31,34.71,-0.27,1.54,-0.02,0.71,5.26,53.01649857,-103.3099976
Manitoba,4601,spring_wheat,2024,8,46,54.49,49.9,59.08,42.22,-2.04,-2.7,-0.2,0.89,3.53,49.27149963,-100.3990021
Manitoba,4602,spring_wheat,2024,8,46,51.5,46.63,56.36,28.64,-9.91,-15.72,-1.12,0.89,3.58,49.79869843,-100.2649994
Manitoba,4603,spring_wheat,2024,8,46,55.2,50.54,59.86,36.24,-3.86,-16.36,-0.38,0.88,3.62,50.34700012,-100.387001
Manitoba,4608,spring_wheat,2024,8,46,65.09,59.58,70.6,44.24,8.31,16.24,0.77,0.87,4.21,49.27899933,-98.30419922
Manitoba,4607,spring_wheat,2024,8,46,58.04,50.79,65.28,31.75,4.5,4.95,0.26,0.71,6.06,49.98550034,-98.45970154
Manitoba,4609,spring_wheat,2024,8,46,61.65,53.64,69.67,44.28,0.25,1.74,0.04,0.81,6.49,49.63000107,-96.80410004
Manitoba,4611,spring_wheat,2024,8,46,52.11,44.86,59.37,28.7,-5.73,-10.76,-0.33,0.77,5.75,50.22650146,-97.2460022
Manitoba,4610,spring_wheat,2024,8,46,65.72,56.98,74.46,65.93,9.22,8.45,1.45,0.83,5.97,49.73680115,-95.84950256
Manitoba,4604,spring_wheat,2024,8,46,61.63,56.23,67.03,51.08,3.2,7.18,0.38,0.89,4.35,51.0135994,-101.1809998
Manitoba,4605,spring_wheat,2024,8,46,62.08,56.47,67.68,46.31,3.19,3.46,0.32,0.91,3.4,52.08010101,-101.052002
Manitoba,4606,spring_wheat,2024,8,46,51.31,47.23,55.38,31.32,-2.04,3.45,-0.2,0.81,3.73,51.12139893,-99.88110352
Manitoba,4612,spring_wheat,2024,8,46,48.56,42.61,54.52,28.28,-4.97,-8.72,-0.31,0.82,3.78,55.729599,-97.167099
Ontario,3500,spring_wheat,2024,8,35,56.72,52.87,60.55,15.43,-0.53,-3.21,-0.04,0.77,2.89,50.44540024,-86.04720306
New Brunswick / Nouveau-Brunswick,1300,spring_wheat,2024,8,13,43.23,37.61,48.84,-9.18,-12.46,2.92,-0.81,0.52,5.32,46.61719894,-66.37850189
Nova Scotia / Nouvelle-Écosse,1200,spring_wheat,2024,8,12,40.38,34.99,45.77,-11.89,-11.26,,-0.98,0.63,4.56,45.14590073,-63.33179855
Prince Edward Island / Île-du-Prince-Édouard,1100,spring_wheat,2024,8,11,48.18,42.15,54.23,-1.01,-8.25,-2.26,-1.2,0.36,4.63,46.39030075,-63.2458992
Quebec,2400,spring_wheat,2024,8,24,42.66,37.63,47.68,-5.36,-7.07,14.67,-0.34,0.51,3.27,53.39260101,-71.78160095
British Columbia / Colombie-Britannique,5901,spring_wheat,2024,9,59,36.42,27.65,45.2,-7.07,-6.56,-1.57,-0.3,0.7,5.67,53.85300064,-125.2580032
British Columbia / Colombie-Britannique,5908,spring_wheat,2024,9,59,46.34,40.56,52.11,6.89,9.16,28.37,0.36,0.83,4.74,57.69950104,-123.1610031
Alberta,4820,spring_wheat,2024,9,48,55.44,50.19,60.7,25.03,14.74,50.66,0.49,0.8,4.42,50.52590179,-112.5500031
Alberta,4810,spring_wheat,2024,9,48,35.59,31.08,40.1,14.76,23.04,86.32,0.53,0.81,3.73,50.66460037,-110.9089966
Alberta,4830,spring_wheat,2024,9,48,60.21,53.99,66.44,29.55,10.44,32.04,0.43,0.85,4.18,51.08769989,-115.1790009
Alberta,4850,spring_wheat,2024,9,48,59,53.4,64.6,4.14,-8.92,-9.37,-0.78,0.8,4.24,52.69950104,-114.6679993
Alberta,4870,spring_wheat,2024,9,48,52.11,48.07,56.14,25.58,13.42,17.36,0.86,0.81,3.31,56.94729996,-116.8280029
Alberta,4860,spring_wheat,2024,9,48,61.58,55.16,68,16.81,4.8,0.79,0.32,0.79,4.96,56.47129822,-112.810997
Alberta,4840,spring_wheat,2024,9,48,41.9,37.51,46.27,11.53,-10.62,-5.21,-0.44,0.91,3.12,52.48089981,-111.4990005
Alberta,4841,spring_wheat,2024,9,48,53.11,48.61,57.6,26.56,-0.45,-3.26,-0.03,0.92,2.9,53.36869812,-111.6920013
Saskatchewan,4704,spring_wheat,2024,9,47,27.17,22.05,32.29,-3.46,-3.14,,-0.08,0.64,4.2,49.53290176,-108.7890015
Saskatchewan,4708,spring_wheat,2024,9,47,34.43,29.79,39.06,15.67,28.27,67.94,0.85,0.71,4.1,50.71530151,-108.8300018
Saskatchewan,4703,spring_wheat,2024,9,47,25.67,22.73,28.62,-6.92,-8.18,-2.38,-0.23,0.85,2.38,49.54230118,-106.4049988
Saskatchewan,4707,spring_wheat,2024,9,47,37.63,33.06,42.2,21.71,12.33,48.74,0.42,0.74,3.66,50.59840012,-106.6139984
Saskatchewan,4702,spring_wheat,2024,9,47,37.9,34.8,41.01,32.17,-2.77,14.51,-0.21,0.88,2.4,49.52310181,-104.2490005
Saskatchewan,4706,spring_wheat,2024,9,47,47.85,42.8,52.91,38.89,8.76,6.1,0.84,0.78,3.6,50.59830093,-104.3659973
Saskatchewan,4701,spring_wheat,2024,9,47,49.6,46.07,53.12,49.55,3.8,9.97,0.62,0.88,2.88,49.52339935,-102.3099976
Saskatchewan,4705,spring_wheat,2024,9,47,49.02,44.94,53.09,36.28,-0.9,-1.97,-0.12,0.87,3.15,50.58200073,-102.3919983
Saskatchewan,4713,spring_wheat,2024,9,47,42.03,38.05,46.03,20.52,-2.79,3.53,-0.15,0.82,4.18,52.15140152,-109.262001
Saskatchewan,4717,spring_wheat,2024,9,47,55.4,50.82,59.98,41.42,0.03,-5.14,0,0.92,3.83,53.79119873,-108.9599991
Saskatchewan,4712,spring_wheat,2024,9,47,42.2,37.75,46.65,25.76,12.96,29.06,0.43,0.82,3.97,51.94589996,-107.7990036
Saskatchewan,4711,spring_wheat,2024,9,47,43.88,39.7,48.07,33.12,12.75,15.79,0.56,0.84,3.53,51.67309952,-106.0029984
Saskatchewan,4716,spring_wheat,2024,9,47,45.85,41.41,50.3,24.87,-1.39,-10.44,-0.07,0.87,3.4,56.79359818,-105.9339981
Saskatchewan,4710,spring_wheat,2024,9,47,52.28,47.63,56.94,44.08,6.39,-0.04,0.41,0.84,3.6,51.6393013,-104.1080017
Saskatchewan,4715,spring_wheat,2024,9,47,53.14,48.91,57.37,44.21,7.27,2.19,0.4,0.91,3.23,52.89289856,-105.586998
Saskatchewan,4709,spring_wheat,2024,9,47,50.52,45.58,55.46,33.07,-1.93,-9.62,-0.18,0.86,3.56,51.7173996,-102.4309998
Saskatchewan,4714,spring_wheat,2024,9,47,53.59,47.39,59.79,37.51,1.8,3.65,0.17,0.71,5.26,53.01649857,-103.3099976
Manitoba,4601,spring_wheat,2024,9,46,54.06,49.26,58.86,41.1,-2.81,-3.47,-0.28,0.87,3.8,49.27149963,-100.3990021
Manitoba,4602,spring_wheat,2024,9,46,53.13,48.4,57.86,32.72,-7.05,-13.04,-0.8,0.89,3.42,49.79869843,-100.2649994
Manitoba,4603,spring_wheat,2024,9,46,55.36,50.55,60.16,36.62,-3.59,-16.12,-0.35,0.88,3.62,50.34700012,-100.387001
Manitoba,4608,spring_wheat,2024,9,46,64.15,58.86,69.44,42.14,6.74,14.55,0.62,0.84,4.65,49.27899933,-98.30419922
Manitoba,4607,spring_wheat,2024,9,46,57.73,49.53,65.94,31.05,3.95,4.4,0.22,0.71,6.06,49.98550034,-98.45970154
Manitoba,4609,spring_wheat,2024,9,46,62.04,55.81,68.26,45.18,0.87,2.37,0.13,0.81,6.49,49.63000107,-96.80410004
Manitoba,4611,spring_wheat,2024,9,46,53.59,46.44,60.74,32.35,-3.06,-8.24,-0.17,0.77,5.75,50.22650146,-97.2460022
Manitoba,4610,spring_wheat,2024,9,46,66.24,57.99,74.49,67.24,10.09,9.31,1.58,0.83,6.02,49.73680115,-95.84950256
Manitoba,4604,spring_wheat,2024,9,46,61.2,55.18,67.22,50.04,2.48,6.44,0.29,0.89,4.35,51.0135994,-101.1809998
Manitoba,4605,spring_wheat,2024,9,46,63.72,59.04,68.41,50.19,5.92,6.21,0.59,0.91,3.4,52.08010101,-101.052002
Manitoba,4606,spring_wheat,2024,9,46,52.38,47.36,57.41,34.06,0,5.61,0,0.81,3.73,51.12139893,-99.88110352
Manitoba,4612,spring_wheat,2024,9,46,50.01,44.8,55.22,32.11,-2.13,-5.99,-0.13,0.8,3.9,55.729599,-97.167099
Ontario,3500,spring_wheat,2024,9,35,56.29,52.37,60.21,14.56,-1.28,-3.94,-0.1,0.76,2.95,50.44540024,-86.04720306
New Brunswick / Nouveau-Brunswick,1300,spring_wheat,2024,9,13,42.89,37.42,48.36,-9.89,-13.15,2.12,-0.85,0.5,5.39,46.61719894,-66.37850189
Nova Scotia / Nouvelle-Écosse,1200,spring_wheat,2024,9,12,41.1,35.38,46.81,-10.32,-9.68,,-0.84,0.48,5.41,45.14590073,-63.33179855
Prince Edward Island / Île-du-Prince-Édouard,1100,spring_wheat,2024,9,11,48.57,43.29,53.85,-0.21,-7.52,-1.48,-1.09,0.36,4.63,46.39030075,-63.2458992
Quebec,2400,spring_wheat,2024,9,24,40.7,37.06,44.34,-9.71,-11.33,9.4,-0.54,0.55,3.14,53.39260101,-71.78160095
Manitoba,4601,winter_wheat,2024,7,46,63.93,53.78,74.08,52.68,,,,0.6,8.85,49.27149963,-100.3990021
Manitoba,4602,winter_wheat,2024,7,46,46.36,35.16,57.56,-8.43,,,,0.47,7.37,49.79869843,-100.2649994
Manitoba,4603,winter_wheat,2024,7,46,74.76,64.13,85.39,49.55,,,,0.5,8.93,50.34700012,-100.387001
Manitoba,4604,winter_wheat,2024,7,46,71.69,62.85,80.53,84.9,,,,0.99,1.62,51.0135994,-101.1809998
Manitoba,4606,winter_wheat,2024,7,46,52.37,39.96,64.77,19.32,-0.94,-1.93,-0.73,0.58,7.09,51.12139893,-99.88110352
Manitoba,4607,winter_wheat,2024,7,46,64.21,54.79,73.63,0.11,8.76,8.83,0.69,0.51,6.45,49.98550034,-98.45970154
Manitoba,4608,winter_wheat,2024,7,46,63.81,53.62,74,12.63,,,,0.8,5.42,49.27899933,-98.30419922
Manitoba,4609,winter_wheat,2024,7,46,80.44,65.24,95.65,26.67,,,,0.4,12.79,49.63000107,-96.80410004
Manitoba,4610,winter_wheat,2024,7,46,66.07,51.81,80.32,10.05,,,,0.49,12.68,49.73680115,-95.84950256
Manitoba,4611,winter_wheat,2024,7,46,67.95,54.03,81.87,12.44,,,,0.58,8.41,50.22650146,-97.2460022
Manitoba,4612,winter_wheat,2024,7,46,35.57,20.35,50.79,-25.55,,,,0.75,8.28,55.729599,-97.167099
New Brunswick / Nouveau-Brunswick,1300,winter_wheat,2024,7,13,50.07,39.39,60.75,5.3,-8.92,,-0.34,0.31,7.68,46.61719894,-66.37850189
Nova Scotia / Nouvelle-Écosse,1200,winter_wheat,2024,7,12,71.91,63.86,79.97,16.95,0.66,1.57,0.08,0.7,5.06,45.14590073,-63.33179855
Ontario,3500,winter_wheat,2024,7,35,90.84,85.41,96.29,25.16,3.02,-3.05,0.33,0.84,3.57,50.44540024,-86.04720306
Prince Edward Island / Île-du-Prince-Édouard,1100,winter_wheat,2024,7,11,68.23,59.27,77.2,32.28,-5.26,-13.41,-0.36,0.66,6.61,46.39030075,-63.2458992
Quebec,2400,winter_wheat,2024,7,24,57.65,50.42,64.88,22.27,5.16,5.97,0.22,0.47,5.87,53.39260101,-71.78160095
Alberta,4810,winter_wheat,2024,7,48,53.29,43.94,62.65,24.84,18.03,-3.63,0.61,0.63,6.62,50.66460037,-110.9089966
Alberta,4820,winter_wheat,2024,7,48,60.21,52.16,68.25,28.17,16.24,36.22,0.74,0.81,5.08,50.52590179,-112.5500031
Alberta,4830,winter_wheat,2024,7,48,68.5,59.22,77.77,37.86,9.42,26.38,0.45,0.87,5.44,51.08769989,-115.1790009
Alberta,4840,winter_wheat,2024,7,48,53.44,44.16,62.72,51.89,,,,0.8,5.16,52.48089981,-111.4990005
Alberta,4841,winter_wheat,2024,7,48,50.66,39.44,61.89,26.48,,,,0.5,6.32,53.36869812,-111.6920013
Alberta,4850,winter_wheat,2024,7,48,69.77,57.43,82.11,53.6,,16.87,,0.69,9.66,52.69950104,-114.6679993
Alberta,4860,winter_wheat,2024,7,48,37.23,20.08,54.39,6.52,,,,0.66,8.6,56.47129822,-112.810997
Alberta,4870,winter_wheat,2024,7,48,56.68,41.32,72.04,40.04,8.84,18.33,0.49,0.63,10.36,56.94729996,-116.8280029
Saskatchewan,4704,winter_wheat,2024,7,47,48.54,38.62,58.46,48.96,34.1,,0.66,0.72,5.91,49.53290176,-108.7890015
Saskatchewan,4708,winter_wheat,2024,7,47,54.62,45.23,64.01,71.13,,,,0.83,5.81,50.71530151,-108.8300018
Saskatchewan,4703,winter_wheat,2024,7,47,40.61,31.61,49.62,34.78,45.44,377.82,0.75,0.67,6.56,49.54230118,-106.4049988
Saskatchewan,4707,winter_wheat,2024,7,47,49.71,39.83,59.59,43.03,,,,0.74,5.83,50.59840012,-106.6139984
Saskatchewan,4702,winter_wheat,2024,7,47,63.67,53.15,74.2,80.58,8.77,,0.34,0.76,6.7,49.52310181,-104.2490005
Saskatchewan,4706,winter_wheat,2024,7,47,61.05,49.74,72.36,57.89,18.7,,0.6,0.66,6.84,50.59830093,-104.3659973
Saskatchewan,4701,winter_wheat,2024,7,47,48.34,38.19,58.49,33.29,,,,0.43,7.95,49.52339935,-102.3099976
Saskatchewan,4705,winter_wheat,2024,7,47,51.29,42.33,60.24,27,2.52,27.58,0.08,0.55,6.32,50.58200073,-102.3919983
Saskatchewan,4713,winter_wheat,2024,7,47,51.78,39.15,64.41,54.92,,,,0.45,8.35,52.15140152,-109.262001
Saskatchewan,4717,winter_wheat,2024,7,47,56.94,45.09,68.79,63,,,,0.77,6.14,53.79119873,-108.9599991
Saskatchewan,4712,winter_wheat,2024,7,47,64.74,52.56,76.92,78.46,,,,0.49,11.45,51.94589996,-107.7990036
Saskatchewan,4711,winter_wheat,2024,7,47,56.15,48.95,63.36,61.01,,,,0.8,4.09,51.67309952,-106.0029984
Saskatchewan,4716,winter_wheat,2024,7,47,55.52,42.86,68.17,69.65,,,,0.74,6.72,56.79359818,-105.9339981
Saskatchewan,4710,winter_wheat,2024,7,47,57.93,49.44,66.42,46.82,5.52,-6.86,0.36,0.58,5.66,51.6393013,-104.1080017
Saskatchewan,4715,winter_wheat,2024,7,47,56.06,45.64,66.48,53.45,,,,0.8,4.87,52.89289856,-105.586998
Saskatchewan,4709,winter_wheat,2024,7,47,54.11,44.56,63.66,31.04,9.59,6.73,0.27,0.38,8.07,51.7173996,-102.4309998
Saskatchewan,4714,winter_wheat,2024,7,47,57.51,47.32,67.7,42.06,-4.11,14.11,-0.22,0.55,7.17,53.01649857,-103.3099976
British Columbia / Colombie-Britannique,5900,winter_wheat,2024,7,59,55.55,55.55,55.55,,,,,,,56.94729996,-116.8280029
Manitoba,4601,winter_wheat,2024,8,46,58.32,47.83,68.82,39.27,,,,0.57,9.07,49.27149963,-100.3990021
Manitoba,4602,winter_wheat,2024,8,46,56.41,47.26,65.55,27.97,,,,0.56,7.54,49.79869843,-100.2649994
Manitoba,4603,winter_wheat,2024,8,46,74.04,63.12,84.95,48.1,,,,0.5,8.93,50.34700012,-100.387001
Manitoba,4604,winter_wheat,2024,8,46,69.48,60.85,78.11,79.2,,,,0.99,1.62,51.0135994,-101.1809998
Manitoba,4606,winter_wheat,2024,8,46,46.82,37.94,55.69,6.66,-11.45,-12.33,-8.89,0.58,7.09,51.12139893,-99.88110352
Manitoba,4607,winter_wheat,2024,8,46,59.06,49.97,68.16,4.01,0.03,0.1,0,0.51,6.45,49.98550034,-98.45970154
Manitoba,4608,winter_wheat,2024,8,46,62.38,55.64,69.13,10.11,,,,0.8,5.36,49.27899933,-98.30419922
Manitoba,4609,winter_wheat,2024,8,46,72.2,60.5,83.9,13.69,,,,0.47,11.97,49.63000107,-96.80410004
Manitoba,4610,winter_wheat,2024,8,46,72.5,57.73,87.27,20.76,,,,0.5,13.46,49.73680115,-95.84950256
Manitoba,4611,winter_wheat,2024,8,46,66.01,52.64,79.39,9.23,,,,0.58,8.41,50.22650146,-97.2460022
Manitoba,4612,winter_wheat,2024,8,46,35.53,20.47,50.59,-25.63,,,,0.75,8.28,55.729599,-97.167099
New Brunswick / Nouveau-Brunswick,1300,winter_wheat,2024,8,13,50.46,41.2,59.72,6.12,-8.21,,-0.31,0.36,7.39,46.61719894,-66.37850189
Nova Scotia / Nouvelle-Écosse,1200,winter_wheat,2024,8,12,58.55,49.8,67.29,-4.78,-18.05,-17.31,-2.27,0.71,5.03,45.14590073,-63.33179855
Ontario,3500,winter_wheat,2024,8,35,91.08,85.47,96.69,25.5,3.29,-2.79,0.36,0.84,3.57,50.44540024,-86.04720306
Prince Edward Island / Île-du-Prince-Édouard,1100,winter_wheat,2024,8,11,67.92,58.82,77.03,31.68,-5.69,-13.81,-0.39,0.66,6.61,46.39030075,-63.2458992
Quebec,2400,winter_wheat,2024,8,24,57.45,49.66,65.24,21.84,4.79,5.6,0.21,0.47,5.86,53.39260101,-71.78160095
Alberta,4810,winter_wheat,2024,8,48,50.46,41.23,59.7,18.21,11.76,-8.75,0.4,0.63,6.67,50.66460037,-110.9089966
Alberta,4820,winter_wheat,2024,8,48,53.83,47.05,60.61,14.59,3.92,21.79,0.18,0.86,4.44,50.52590179,-112.5500031
Alberta,4830,winter_wheat,2024,8,48,63.91,57.1,70.73,28.63,2.09,17.92,0.1,0.89,4.97,51.08769989,-115.1790009
Alberta,4840,winter_wheat,2024,8,48,41.02,32.97,49.08,16.59,,,,0.8,5.16,52.48089981,-111.4990005
Alberta,4841,winter_wheat,2024,8,48,49.25,41.22,57.28,22.95,,,,0.57,5.81,53.36869812,-111.6920013
Alberta,4850,winter_wheat,2024,8,48,70.16,59.25,81.07,54.46,,17.53,,0.77,7.68,52.69950104,-114.6679993
Alberta,4860,winter_wheat,2024,8,48,28.9,18.93,38.87,-17.31,,,,0.66,8.6,56.47129822,-112.810997
Alberta,4870,winter_wheat,2024,8,48,57.35,44.68,70.02,41.7,10.12,19.72,0.56,0.63,10.36,56.94729996,-116.8280029
Saskatchewan,4704,winter_wheat,2024,8,47,48.02,40.92,55.13,47.35,32.65,,0.63,0.72,5.91,49.53290176,-108.7890015
Saskatchewan,4708,winter_wheat,2024,8,47,53.61,45.06,62.15,67.96,,,,0.83,5.73,50.71530151,-108.8300018
Saskatchewan,4703,winter_wheat,2024,8,47,38.37,29.75,47.01,27.34,37.41,351.44,0.62,0.66,6.66,49.54230118,-106.4049988
Saskatchewan,4707,winter_wheat,2024,8,47,40.88,32.88,48.87,17.61,,,,0.8,5.17,50.59840012,-106.6139984
Saskatchewan,4702,winter_wheat,2024,8,47,61.8,51.81,71.8,75.29,5.59,,0.22,0.76,6.7,49.52310181,-104.2490005
Saskatchewan,4706,winter_wheat,2024,8,47,45.46,37.99,52.91,17.57,-11.62,,-0.37,0.65,6.95,50.59830093,-104.3659973
Saskatchewan,4701,winter_wheat,2024,8,47,46.92,35.8,58.04,29.4,,,,0.4,8.23,49.52339935,-102.3099976
Saskatchewan,4705,winter_wheat,2024,8,47,51.2,41.99,60.4,26.78,2.34,27.35,0.08,0.52,6.49,50.58200073,-102.3919983
Saskatchewan,4713,winter_wheat,2024,8,47,53,42.27,63.73,58.58,,,,0.45,8.35,52.15140152,-109.262001
Saskatchewan,4717,winter_wheat,2024,8,47,59.47,48.2,70.74,70.23,,,,0.77,6.14,53.79119873,-108.9599991
Saskatchewan,4712,winter_wheat,2024,8,47,66.14,53.08,79.19,82.31,,,,0.47,11.63,51.94589996,-107.7990036
Saskatchewan,4711,winter_wheat,2024,8,47,54.01,47.33,60.7,54.87,,,,0.8,4.19,51.67309952,-106.0029984
Saskatchewan,4716,winter_wheat,2024,8,47,55.53,44.89,66.18,69.71,,,,0.74,6.72,56.79359818,-105.9339981
Saskatchewan,4710,winter_wheat,2024,8,47,53.92,47.6,60.22,36.65,-1.79,-13.31,-0.12,0.63,5.36,51.6393013,-104.1080017
Saskatchewan,4715,winter_wheat,2024,8,47,60.01,51.06,68.96,64.25,,,,0.8,4.87,52.89289856,-105.586998
Saskatchewan,4709,winter_wheat,2024,8,47,52.02,42.24,61.82,25.98,5.36,2.61,0.15,0.38,8.02,51.7173996,-102.4309998
Saskatchewan,4714,winter_wheat,2024,8,47,59.13,50.56,67.7,46.07,-1.41,17.32,-0.08,0.65,6.44,53.01649857,-103.3099976
British Columbia / Colombie-Britannique,5900,winter_wheat,2024,8,59,55.55,55.55,55.55,,,,,,,56.94729996,-116.8280029
Manitoba,4601,winter_wheat,2024,9,46,58.59,48.71,68.47,39.92,,,,0.57,9.07,49.27149963,-100.3990021
Manitoba,4602,winter_wheat,2024,9,46,55.4,48.26,62.55,25.68,,,,0.56,7.54,49.79869843,-100.2649994
Manitoba,4603,winter_wheat,2024,9,46,74.27,63.07,85.47,48.56,,,,0.5,8.93,50.34700012,-100.387001
Manitoba,4604,winter_wheat,2024,9,46,69.48,60.85,78.11,79.2,,,,0.99,1.62,51.0135994,-101.1809998
Manitoba,4606,winter_wheat,2024,9,46,48.81,39.04,58.58,11.21,-7.67,-8.6,-5.96,0.58,7.09,51.12139893,-99.88110352
Manitoba,4607,winter_wheat,2024,9,46,62.82,54.04,71.6,10.62,6.4,6.47,0.5,0.64,6.79,49.98550034,-98.45970154
Manitoba,4608,winter_wheat,2024,9,46,62.53,56.96,68.08,10.37,,,,0.8,5.36,49.27899933,-98.30419922
Manitoba,4609,winter_wheat,2024,9,46,74.16,63.31,84.99,16.77,,,,0.47,11.97,49.63000107,-96.80410004
Manitoba,4610,winter_wheat,2024,9,46,67.94,51.09,84.8,13.17,,,,0.61,11.58,49.73680115,-95.84950256
Manitoba,4611,winter_wheat,2024,9,46,72.17,61.12,83.21,19.43,,,,0.58,8.41,50.22650146,-97.2460022
Manitoba,4612,winter_wheat,2024,9,46,35.6,24.4,46.8,-25.49,,,,0.75,8.28,55.729599,-97.167099
New Brunswick / Nouveau-Brunswick,1300,winter_wheat,2024,9,13,50.35,40.84,59.87,5.89,-8.41,,-0.32,0.38,7.16,46.61719894,-66.37850189
Nova Scotia / Nouvelle-Écosse,1200,winter_wheat,2024,9,12,59.17,51.05,67.28,-3.77,-17.18,-16.43,-2.16,0.71,5.03,45.14590073,-63.33179855
Ontario,3500,winter_wheat,2024,9,35,90.4,85.11,95.68,24.55,2.51,-3.53,0.27,0.84,3.57,50.44540024,-86.04720306
Prince Edward Island / Île-du-Prince-Édouard,1100,winter_wheat,2024,9,11,68.01,59.65,76.37,31.85,-5.57,-13.69,-0.38,0.66,6.61,46.39030075,-63.2458992
Quebec,2400,winter_wheat,2024,9,24,57.88,50.96,64.81,22.76,5.58,6.4,0.24,0.47,5.86,53.39260101,-71.78160095
Alberta,4810,winter_wheat,2024,9,48,53.16,44.53,61.77,24.53,17.74,-3.87,0.6,0.67,6.18,50.66460037,-110.9089966
Alberta,4820,winter_wheat,2024,9,48,55.86,50.84,60.88,18.91,7.84,26.38,0.36,0.86,4.38,50.52590179,-112.5500031
Alberta,4830,winter_wheat,2024,9,48,64.08,57.2,70.95,28.97,2.37,18.23,0.11,0.86,5.57,51.08769989,-115.1790009
Alberta,4840,winter_wheat,2024,9,48,42.36,34.81,49.91,20.4,,,,0.77,5.5,52.48089981,-111.4990005
Alberta,4841,winter_wheat,2024,9,48,49.21,41.63,56.79,22.86,,,,0.5,6.32,53.36869812,-111.6920013
Alberta,4850,winter_wheat,2024,9,48,73.76,64.7,82.83,62.4,,23.56,,0.77,7.68,52.69950104,-114.6679993
Alberta,4860,winter_wheat,2024,9,48,33.08,17.85,48.31,-5.35,,,,0.66,8.6,56.47129822,-112.810997
Alberta,4870,winter_wheat,2024,9,48,56.15,44.36,67.95,38.75,7.83,17.23,0.43,0.56,13.12,56.94729996,-116.8280029
Saskatchewan,4704,winter_wheat,2024,9,47,48.36,40.54,56.18,48.39,33.58,,0.65,0.72,5.91,49.53290176,-108.7890015
Saskatchewan,4708,winter_wheat,2024,9,47,49.02,41.78,56.26,53.59,,,,0.84,5.52,50.71530151,-108.8300018
Saskatchewan,4703,winter_wheat,2024,9,47,35.45,26.92,43.97,17.63,26.94,317.03,0.44,0.67,6.55,49.54230118,-106.4049988
Saskatchewan,4707,winter_wheat,2024,9,47,39,30.89,47.1,12.2,,,,0.8,5.16,50.59840012,-106.6139984
Saskatchewan,4702,winter_wheat,2024,9,47,61.26,51.71,70.81,73.74,4.65,,0.18,0.76,6.7,49.52310181,-104.2490005
Saskatchewan,4706,winter_wheat,2024,9,47,44.63,35.98,53.28,15.44,-13.22,,-0.42,0.65,6.96,50.59830093,-104.3659973
Saskatchewan,4701,winter_wheat,2024,9,47,46.38,36.25,56.51,27.91,,,,0.4,8.23,49.52339935,-102.3099976
Saskatchewan,4705,winter_wheat,2024,9,47,49.88,41.11,58.65,23.52,-0.29,24.08,-0.01,0.53,6.45,50.58200073,-102.3919983
Saskatchewan,4713,winter_wheat,2024,9,47,53.92,43.89,63.95,61.35,,,,0.45,8.35,52.15140152,-109.262001
Saskatchewan,4717,winter_wheat,2024,9,47,65.5,56.63,74.37,87.48,,,,0.76,6.26,53.79119873,-108.9599991
Saskatchewan,4712,winter_wheat,2024,9,47,64.58,52.52,76.65,78.02,,,,0.47,11.69,51.94589996,-107.7990036
Saskatchewan,4711,winter_wheat,2024,9,47,54.32,47.39,61.26,55.76,,,,0.79,4.28,51.67309952,-106.0029984
Saskatchewan,4716,winter_wheat,2024,9,47,55.24,45.88,64.59,68.8,,,,0.74,6.72,56.79359818,-105.9339981
Saskatchewan,4710,winter_wheat,2024,9,47,53.91,47.98,59.84,36.63,-1.8,-13.33,-0.12,0.63,5.36,51.6393013,-104.1080017
Saskatchewan,4715,winter_wheat,2024,9,47,61.78,55.82,67.75,69.1,,,,0.8,4.87,52.89289856,-105.586998
Saskatchewan,4709,winter_wheat,2024,9,47,52.34,42.96,61.73,26.76,6.01,3.24,0.17,0.39,7.99,51.7173996,-102.4309998
Saskatchewan,4714,winter_wheat,2024,9,47,59.52,52.02,67.02,47.03,-0.76,18.1,-0.04,0.65,6.44,53.01649857,-103.3099976
British Columbia / Colombie-Britannique,5900,winter_wheat,2024,9,59,55.55,55.55,55.55,,,,,,,56.94729996,-116.8280029
